This is XeTeX, Version 3.141592653-2.6-0.999998 (TeX Live 2026) (preloaded format=xelatex 2026.9.25)  26 SEP 2026 16:30
entering extended mode
 restricted \write18 enabled.
 %&-line parsing enabled.
**book.tex
(./book.tex
LaTeX2e <2025-11-01>
L3 programming layer <2026-01-19>
(/usr/local/texlive/2026/texmf-dist/tex/latex/base/book.cls
Document Class: book 2025/01/22 v1.4n Standard LaTeX document class
(/usr/local/texlive/2026/texmf-dist/tex/latex/base/bk11.clo
File: bk11.clo 2025/01/22 v1.4n Standard LaTeX file (size option)
)
\c@part=\count271
\c@chapter=\count272
\c@section=\count273
\c@subsection=\count274
\c@subsubsection=\count275
\c@paragraph=\count276
\c@subparagraph=\count277
\c@figure=\count278
\c@table=\count279
\abovecaptionskip=\skip49
\belowcaptionskip=\skip50
\bibindent=\dimen148
) (./preamble.tex
(/usr/local/texlive/2026/texmf-dist/tex/latex/geometry/geometry.sty
Package: geometry 2026/03/07 v6.0 Page Geometry

(/usr/local/texlive/2026/texmf-dist/tex/latex/graphics/keyval.sty
Package: keyval 2022/05/29 v1.15 key=value parser (DPC)
\KV@toks@=\toks17
)
(/usr/local/texlive/2026/texmf-dist/tex/generic/iftex/ifvtex.sty
Package: ifvtex 2019/10/25 v1.7 ifvtex legacy package. Use iftex instead.

(/usr/local/texlive/2026/texmf-dist/tex/generic/iftex/iftex.sty
Package: iftex 2024/12/12 v1.0g TeX engine tests
))
\Gm@cnth=\count280
\Gm@cntv=\count281
\c@Gm@tempcnt=\count282
\Gm@bindingoffset=\dimen149
\Gm@wd@mp=\dimen150
\Gm@odd@mp=\dimen151
\Gm@even@mp=\dimen152
\Gm@layoutwidth=\dimen153
\Gm@layoutheight=\dimen154
\Gm@layouthoffset=\dimen155
\Gm@layoutvoffset=\dimen156
\Gm@dimlist=\toks18
)
(/usr/local/texlive/2026/texmf-dist/tex/latex/fontspec/fontspec.sty
(/usr/local/texlive/2026/texmf-dist/tex/latex/l3packages/xparse/xparse.sty
(/usr/local/texlive/2026/texmf-dist/tex/latex/l3kernel/expl3.sty
Package: expl3 2026-01-19 L3 programming layer (loader) 

(/usr/local/texlive/2026/texmf-dist/tex/latex/l3backend/l3backend-xetex.def
File: l3backend-xetex.def 2025-10-09 L3 backend support: XeTeX
\g__graphics_track_int=\count283
\g__pdfannot_backend_int=\count284
\g__pdfannot_backend_link_int=\count285
))
Package: xparse 2025-10-09 L3 Experimental document command parser
)
Package: fontspec 2025/09/29 v2.9g Font selection for XeLaTeX and LuaLaTeX

(/usr/local/texlive/2026/texmf-dist/tex/latex/fontspec/fontspec-xetex.sty
Package: fontspec-xetex 2025/09/29 v2.9g Font selection for XeLaTeX and LuaLaTe
X
\l__fontspec_script_int=\count286
\l__fontspec_language_int=\count287
\l__fontspec_strnum_int=\count288
\l__fontspec_tmp_int=\count289
\l__fontspec_tmpa_int=\count290
\l__fontspec_tmpb_int=\count291
\l__fontspec_tmpc_int=\count292
\l__fontspec_em_int=\count293
\l__fontspec_emdef_int=\count294
\l__fontspec_strong_int=\count295
\l__fontspec_strongdef_int=\count296
\l__fontspec_tmpa_dim=\dimen157
\l__fontspec_tmpb_dim=\dimen158
\l__fontspec_tmpc_dim=\dimen159

(/usr/local/texlive/2026/texmf-dist/tex/latex/base/fontenc.sty
Package: fontenc 2025/07/18 v2.1d Standard LaTeX package
)
(/usr/local/texlive/2026/texmf-dist/tex/latex/fontspec/fontspec.cfg)))

Package fontspec Info: 
(fontspec)             Font family 'LibertinusSerif(0)' created for font
(fontspec)             'LibertinusSerif' with options
(fontspec)             [Ligatures=TeX,Extension=.otf,UprightFont=*-Regular,Bold
Font=*-Semibold,ItalicFont=*-Italic,BoldItalicFont=*-SemiboldItalic].
(fontspec)              
(fontspec)              This font family consists of the following NFSS
(fontspec)             series/shapes:
(fontspec)              
(fontspec)             - 'normal' (m/n) with NFSS spec.:
(fontspec)             <->"[LibertinusSerif-Regular.otf]/OT:script=latn;languag
e=dflt;mapping=tex-text;"
(fontspec)             - 'small caps'  (m/sc) with NFSS spec.:
(fontspec)             <->"[LibertinusSerif-Regular.otf]/OT:script=latn;languag
e=dflt;+smcp;mapping=tex-text;"
(fontspec)             - 'bold' (b/n) with NFSS spec.:
(fontspec)             <->"[LibertinusSerif-Semibold.otf]/OT:script=latn;langua
ge=dflt;mapping=tex-text;"
(fontspec)             - 'bold small caps'  (b/sc) with NFSS spec.:
(fontspec)             <->"[LibertinusSerif-Semibold.otf]/OT:script=latn;langua
ge=dflt;+smcp;mapping=tex-text;"
(fontspec)             - 'italic' (m/it) with NFSS spec.:
(fontspec)             <->"[LibertinusSerif-Italic.otf]/OT:script=latn;language
=dflt;mapping=tex-text;"
(fontspec)             - 'italic small caps'  (m/scit) with NFSS spec.:
(fontspec)             <->"[LibertinusSerif-Italic.otf]/OT:script=latn;language
=dflt;+smcp;mapping=tex-text;"
(fontspec)             - 'bold italic' (b/it) with NFSS spec.:
(fontspec)             <->"[LibertinusSerif-SemiboldItalic.otf]/OT:script=latn;
language=dflt;mapping=tex-text;"
(fontspec)             - 'bold italic small caps'  (b/scit) with NFSS spec.:
(fontspec)             <->"[LibertinusSerif-SemiboldItalic.otf]/OT:script=latn;
language=dflt;+smcp;mapping=tex-text;"


Package fontspec Info: 
(fontspec)             FiraSans-Regular scale = 0.92.


Package fontspec Info: 
(fontspec)             FiraSans-Regular scale = 0.92.


Package fontspec Info: 
(fontspec)             FiraSans-Regular scale = 0.92.


Package fontspec Info: 
(fontspec)             FiraSans-SemiBold scale = 0.92.


Package fontspec Info: 
(fontspec)             FiraSans-SemiBold scale = 0.92.


Package fontspec Info: 
(fontspec)             FiraSans-Italic scale = 0.92.


Package fontspec Info: 
(fontspec)             FiraSans-Italic scale = 0.92.


Package fontspec Info: 
(fontspec)             FiraSans-SemiBoldItalic scale = 0.92.


Package fontspec Info: 
(fontspec)             FiraSans-SemiBoldItalic scale = 0.92.


Package fontspec Info: 
(fontspec)             Font family 'FiraSans(0)' created for font 'FiraSans'
(fontspec)             with options
(fontspec)             [Ligatures=TeX,Extension=.otf,UprightFont=*-Regular,Bold
Font=*-SemiBold,ItalicFont=*-Italic,BoldItalicFont=*-SemiBoldItalic,Scale=0.92]
.
(fontspec)              
(fontspec)              This font family consists of the following NFSS
(fontspec)             series/shapes:
(fontspec)              
(fontspec)             - 'normal' (m/n) with NFSS spec.:
(fontspec)             <->s*[0.92]"[FiraSans-Regular.otf]/OT:script=latn;langua
ge=dflt;mapping=tex-text;"
(fontspec)             - 'small caps'  (m/sc) with NFSS spec.:
(fontspec)             <->s*[0.92]"[FiraSans-Regular.otf]/OT:script=latn;langua
ge=dflt;+smcp;mapping=tex-text;"
(fontspec)             - 'bold' (b/n) with NFSS spec.:
(fontspec)             <->s*[0.92]"[FiraSans-SemiBold.otf]/OT:script=latn;langu
age=dflt;mapping=tex-text;"
(fontspec)             - 'bold small caps'  (b/sc) with NFSS spec.:
(fontspec)             <->s*[0.92]"[FiraSans-SemiBold.otf]/OT:script=latn;langu
age=dflt;+smcp;mapping=tex-text;"
(fontspec)             - 'italic' (m/it) with NFSS spec.:
(fontspec)             <->s*[0.92]"[FiraSans-Italic.otf]/OT:script=latn;languag
e=dflt;mapping=tex-text;"
(fontspec)             - 'italic small caps'  (m/scit) with NFSS spec.:
(fontspec)             <->s*[0.92]"[FiraSans-Italic.otf]/OT:script=latn;languag
e=dflt;+smcp;mapping=tex-text;"
(fontspec)             - 'bold italic' (b/it) with NFSS spec.:
(fontspec)             <->s*[0.92]"[FiraSans-SemiBoldItalic.otf]/OT:script=latn
;language=dflt;mapping=tex-text;"
(fontspec)             - 'bold italic small caps'  (b/scit) with NFSS spec.:
(fontspec)             <->s*[0.92]"[FiraSans-SemiBoldItalic.otf]/OT:script=latn
;language=dflt;+smcp;mapping=tex-text;"


Package fontspec Info: 
(fontspec)             Menlo scale = 0.85.


Package fontspec Info: 
(fontspec)             Menlo scale = 0.85.


Package fontspec Info: 
(fontspec)             Menlo/B scale = 0.85.


Package fontspec Info: 
(fontspec)             Menlo/I scale = 0.85.


Package fontspec Info: 
(fontspec)             Menlo/BI scale = 0.85.


Package fontspec Info: 
(fontspec)             Font family 'Menlo(0)' created for font 'Menlo' with
(fontspec)             options
(fontspec)             [WordSpace={1,0,0},HyphenChar=None,PunctuationSpace=Word
Space,Scale=0.85].
(fontspec)              
(fontspec)              This font family consists of the following NFSS
(fontspec)             series/shapes:
(fontspec)              
(fontspec)             - 'normal' (m/n) with NFSS spec.:
(fontspec)             <->s*[0.85]"Menlo/AAT"
(fontspec)             - 'bold' (b/n) with NFSS spec.:
(fontspec)             <->s*[0.85]"Menlo/B/AAT"
(fontspec)             - 'italic' (m/it) with NFSS spec.:
(fontspec)             <->s*[0.85]"Menlo/I/AAT"
(fontspec)             - 'bold italic' (b/it) with NFSS spec.:
(fontspec)             <->s*[0.85]"Menlo/BI/AAT"


Package fontspec Info: 
(fontspec)             Font family 'DejaVuSans.ttf(0)' created for font
(fontspec)             'DejaVuSans.ttf' with options
(fontspec)             [BoldFont=DejaVuSans-Bold.ttf,ItalicFont=DejaVuSans-Obli
que.ttf].
(fontspec)              
(fontspec)              This font family consists of the following NFSS
(fontspec)             series/shapes:
(fontspec)              
(fontspec)             - 'normal' (m/n) with NFSS spec.:
(fontspec)             <->"[DejaVuSans.ttf]/OT:script=latn;language=dflt;"
(fontspec)             - 'bold' (b/n) with NFSS spec.:
(fontspec)             <->"[DejaVuSans-Bold.ttf]/OT:script=latn;language=dflt;"

(fontspec)             - 'italic' (m/it) with NFSS spec.:
(fontspec)             <->"[DejaVuSans-Oblique.ttf]/OT:script=latn;language=dfl
t;"


(/usr/local/texlive/2026/texmf-dist/tex/latex/newunicodechar/newunicodechar.sty
Package: newunicodechar 2018/04/08 v1.2 Defining Unicode characters
)

Package fontspec Info: 
(fontspec)             Hiragino Sans GB scale = 0.85.


Package fontspec Info: 
(fontspec)             Could not resolve font "Hiragino Sans GB/I" (it
(fontspec)             probably doesn't exist).


Package fontspec Info: 
(fontspec)             Hiragino Sans GB scale = 0.85.


Package fontspec Info: 
(fontspec)             Hiragino Sans GB/B scale = 0.85.


Package fontspec Info: 
(fontspec)             Hiragino Sans GB/BI scale = 0.85.


Package fontspec Info: 
(fontspec)             Font family 'HiraginoSansGB(0)' created for font
(fontspec)             'Hiragino Sans GB' with options [Scale=0.85].
(fontspec)              
(fontspec)              This font family consists of the following NFSS
(fontspec)             series/shapes:
(fontspec)              
(fontspec)             - 'normal' (m/n) with NFSS spec.: <->s*[0.85]"Hiragino
(fontspec)             Sans GB/OT:script=latn;language=dflt;"
(fontspec)             - 'bold' (b/n) with NFSS spec.: <->s*[0.85]"Hiragino
(fontspec)             Sans GB/B/OT:script=latn;language=dflt;"
(fontspec)             - 'bold italic' (b/it) with NFSS spec.:
(fontspec)             <->s*[0.85]"Hiragino Sans
(fontspec)             GB/BI/OT:script=latn;language=dflt;"

 (/usr/local/texlive/2026/texmf-dist/tex/latex/xcolor/xcolor.sty
Package: xcolor 2024/09/29 v3.02 LaTeX color extensions (UK)

(/usr/local/texlive/2026/texmf-dist/tex/latex/graphics-cfg/color.cfg
File: color.cfg 2016/01/02 v1.6 sample color configuration
)
Package xcolor Info: Driver file: xetex.def on input line 274.

(/usr/local/texlive/2026/texmf-dist/tex/latex/graphics-def/xetex.def
File: xetex.def 2025/11/01 v5.0p Graphics/color driver for xetex
)
(/usr/local/texlive/2026/texmf-dist/tex/latex/graphics/mathcolor.ltx)
Package xcolor Info: Model `cmy' substituted by `cmy0' on input line 1349.
Package xcolor Info: Model `RGB' extended on input line 1365.
Package xcolor Info: Model `HTML' substituted by `rgb' on input line 1367.
Package xcolor Info: Model `Hsb' substituted by `hsb' on input line 1368.
Package xcolor Info: Model `tHsb' substituted by `hsb' on input line 1369.
Package xcolor Info: Model `HSB' substituted by `hsb' on input line 1370.
Package xcolor Info: Model `Gray' substituted by `gray' on input line 1371.
Package xcolor Info: Model `wave' substituted by `hsb' on input line 1372.
)
(/usr/local/texlive/2026/texmf-dist/tex/latex/colortbl/colortbl.sty
Package: colortbl 2024/10/29 v1.0k Color table columns (DPC)

(/usr/local/texlive/2026/texmf-dist/tex/latex/tools/array.sty
Package: array 2025/09/25 v2.6n Tabular extension package (FMi)
\col@sep=\dimen160
\ar@mcellbox=\box53
\extrarowheight=\dimen161
\NC@list=\toks19
\extratabsurround=\skip51
\backup@length=\skip52
\ar@cellbox=\box54
)
\everycr=\toks20
\minrowclearance=\skip53
\rownum=\count297
)
(/usr/local/texlive/2026/texmf-dist/tex/latex/amsfonts/amssymb.sty
Package: amssymb 2013/01/14 v3.01 AMS font symbols

(/usr/local/texlive/2026/texmf-dist/tex/latex/amsfonts/amsfonts.sty
Package: amsfonts 2013/01/14 v3.01 Basic AMSFonts support
\@emptytoks=\toks21
\symAMSa=\mathgroup4
\symAMSb=\mathgroup5
LaTeX Font Info:    Redeclaring math symbol \hbar on input line 98.
LaTeX Font Info:    Overwriting math alphabet `\mathfrak' in version `bold'
(Font)                  U/euf/m/n --> U/euf/b/n on input line 106.
))
(/usr/local/texlive/2026/texmf-dist/tex/latex/microtype/microtype.sty
Package: microtype 2026/03/01 v3.2d Micro-typographical refinements (RS)

(/usr/local/texlive/2026/texmf-dist/tex/latex/etoolbox/etoolbox.sty
Package: etoolbox 2025/10/02 v2.5m e-TeX tools for LaTeX (JAW)
\etb@tempcnta=\count298
)
\MT@toks=\toks22
\MT@tempbox=\box55
\MT@count=\count299
LaTeX Info: Redefining \noprotrusionifhmode on input line 1084.
LaTeX Info: Redefining \leftprotrusion on input line 1085.
\MT@prot@toks=\toks23
LaTeX Info: Redefining \rightprotrusion on input line 1104.
LaTeX Info: Redefining \textls on input line 1449.
\MT@outer@kern=\dimen162
LaTeX Info: Redefining \microtypecontext on input line 2053.
LaTeX Info: Redefining \textmicrotypecontext on input line 2070.
\MT@listname@count=\count300

(/usr/local/texlive/2026/texmf-dist/tex/latex/microtype/microtype-xetex.def
File: microtype-xetex.def 2026/03/01 v3.2d Definitions specific to xetex (RS)
LaTeX Info: Redefining \lsstyle on input line 443.
LaTeX Info: Redefining \lslig on input line 451.
\MT@outer@space=\skip54
)
Package microtype Info: Loading configuration file microtype.cfg.

(/usr/local/texlive/2026/texmf-dist/tex/latex/microtype/microtype.cfg
File: microtype.cfg 2026/03/01 v3.2d microtype main configuration file (RS)
)
LaTeX Info: Redefining \microtypesetup on input line 3065.
)
(/usr/local/texlive/2026/texmf-dist/tex/latex/graphics/graphicx.sty
Package: graphicx 2024/12/31 v1.2e Enhanced LaTeX Graphics (DPC,SPQR)

(/usr/local/texlive/2026/texmf-dist/tex/latex/graphics/graphics.sty
Package: graphics 2024/08/06 v1.4g Standard LaTeX Graphics (DPC,SPQR)

(/usr/local/texlive/2026/texmf-dist/tex/latex/graphics/trig.sty
Package: trig 2023/12/02 v1.11 sin cos tan (DPC)
)
(/usr/local/texlive/2026/texmf-dist/tex/latex/graphics-cfg/graphics.cfg
File: graphics.cfg 2016/06/04 v1.11 sample graphics configuration
)
Package graphics Info: Driver file: xetex.def on input line 106.
)
\Gin@req@height=\dimen163
\Gin@req@width=\dimen164
)
(/usr/local/texlive/2026/texmf-dist/tex/latex/tools/calc.sty
Package: calc 2025/03/01 v4.3b Infix arithmetic (KKT,FJ)
\calc@Acount=\count301
\calc@Bcount=\count302
\calc@Adimen=\dimen165
\calc@Bdimen=\dimen166
\calc@Askip=\skip55
\calc@Bskip=\skip56
LaTeX Info: Redefining \setlength on input line 86.
LaTeX Info: Redefining \addtolength on input line 87.
\calc@Ccount=\count303
\calc@Cskip=\skip57
)
(/usr/local/texlive/2026/texmf-dist/tex/latex/tools/longtable.sty
Package: longtable 2025-10-13 v4.24 Multi-page Table package (DPC)
\LTleft=\skip58
\LTright=\skip59
\LTpre=\skip60
\LTpost=\skip61
\LTchunksize=\count304
\LTcapwidth=\dimen167
\LT@head=\box56
\LT@firsthead=\box57
\LT@foot=\box58
\LT@lastfoot=\box59
\LT@gbox=\box60
\LT@cols=\count305
\LT@rows=\count306
\c@LT@tables=\count307
\c@LT@chunks=\count308
\LT@p@ftn=\toks24
)
(/usr/local/texlive/2026/texmf-dist/tex/latex/booktabs/booktabs.sty
Package: booktabs 2020/01/12 v1.61803398 Publication quality tables
\heavyrulewidth=\dimen168
\lightrulewidth=\dimen169
\cmidrulewidth=\dimen170
\belowrulesep=\dimen171
\belowbottomsep=\dimen172
\aboverulesep=\dimen173
\abovetopsep=\dimen174
\cmidrulesep=\dimen175
\cmidrulekern=\dimen176
\defaultaddspace=\dimen177
\@cmidla=\count309
\@cmidlb=\count310
\@aboverulesep=\dimen178
\@belowrulesep=\dimen179
\@thisruleclass=\count311
\@lastruleclass=\count312
\@thisrulewidth=\dimen180
)
(/usr/local/texlive/2026/texmf-dist/tex/latex/enumitem/enumitem.sty
Package: enumitem 2025/02/06 v3.11 Customized lists
\labelindent=\skip62
\enit@outerparindent=\dimen181
\enit@toks=\toks25
\enit@inbox=\box61
\enit@count@id=\count313
\enitdp@description=\count314
)
(/usr/local/texlive/2026/texmf-dist/tex/latex/fvextra/fvextra.sty
Package: fvextra 2026/02/25 v1.14.0 fvextra - extensions and patches for fancyv
rb

(/usr/local/texlive/2026/texmf-dist/tex/latex/fancyvrb/fancyvrb.sty
Package: fancyvrb 2025/07/28 4.6 verbatim text (tvz,hv)
\FV@CodeLineNo=\count315
\FV@InFile=\read2
\FV@TabBox=\box62
\c@FancyVerbLine=\count316
\FV@StepNumber=\count317
\FV@OutFile=\write3
)
(/usr/local/texlive/2026/texmf-dist/tex/latex/upquote/upquote.sty
Package: upquote 2012/04/19 v1.3 upright-quote and grave-accent glyphs in verba
tim

(/usr/local/texlive/2026/texmf-dist/tex/latex/base/textcomp.sty
Package: textcomp 2024/04/24 v2.1b Standard LaTeX package
))
(/usr/local/texlive/2026/texmf-dist/tex/latex/lineno/lineno.sty
Package: lineno 2026/03/08 line numbers on paragraphs v5.9

(/usr/local/texlive/2026/texmf-dist/tex/latex/kvoptions/kvoptions.sty
Package: kvoptions 2022-06-15 v3.15 Key value format for package options (HO)

(/usr/local/texlive/2026/texmf-dist/tex/generic/ltxcmds/ltxcmds.sty
Package: ltxcmds 2023-12-04 v1.26 LaTeX kernel commands for general use (HO)
)
(/usr/local/texlive/2026/texmf-dist/tex/latex/kvsetkeys/kvsetkeys.sty
Package: kvsetkeys 2022-10-05 v1.19 Key value parser (HO)
))
\linenopenalty=\count318
\output=\toks26
\linenoprevgraf=\count319
\linenumbersep=\dimen182
\linenumberwidth=\dimen183
\c@linenumber=\count320
\c@pagewiselinenumber=\count321
\c@LN@truepage=\count322
\c@internallinenumber=\count323
\c@internallinenumbers=\count324
\quotelinenumbersep=\dimen184
\bframerule=\dimen185
\bframesep=\dimen186
\bframebox=\box63
)
\c@FancyVerbWriteLine=\count325
\c@FancyVerbBufferLine=\count326
\c@FV@TrueTabGroupLevel=\count327
\c@FV@TrueTabCounter=\count328
\FV@TabBox@Group=\box64
\FV@bgcolorstructbox=\box65
\FV@TmpLength=\skip63
\c@FV@HighlightLinesStart=\count329
\c@FV@HighlightLinesStop=\count330
\FV@LoopCount=\count331
\FV@NCharsBox=\box66
\FV@BreakIndent=\dimen187
\FV@BreakIndentNChars=\count332
\FV@BreakSymbolSepLeft=\dimen188
\FV@BreakSymbolSepLeftNChars=\count333
\FV@BreakSymbolSepRight=\dimen189
\FV@BreakSymbolSepRightNChars=\count334
\FV@BreakSymbolIndentLeft=\dimen190
\FV@BreakSymbolIndentLeftNChars=\count335
\FV@BreakSymbolIndentRight=\dimen191
\FV@BreakSymbolIndentRightNChars=\count336
\c@FancyVerbLineBreakLast=\count337
\FV@LineBox=\box67
\FV@LineIndentBox=\box68
\c@FV@BreakBufferDepth=\count338
\FV@LineWidth=\dimen192
)
(/usr/local/texlive/2026/texmf-dist/tex/latex/pgf/frontendlayer/tikz.sty
(/usr/local/texlive/2026/texmf-dist/tex/latex/pgf/basiclayer/pgf.sty
(/usr/local/texlive/2026/texmf-dist/tex/latex/pgf/utilities/pgfrcs.sty
(/usr/local/texlive/2026/texmf-dist/tex/generic/pgf/utilities/pgfutil-common.te
x
\pgfutil@everybye=\toks27
\pgfutil@tempdima=\dimen193
\pgfutil@tempdimb=\dimen194
)
(/usr/local/texlive/2026/texmf-dist/tex/generic/pgf/utilities/pgfutil-latex.def
\pgfutil@abb=\box69
) (/usr/local/texlive/2026/texmf-dist/tex/generic/pgf/utilities/pgfrcs.code.tex
(/usr/local/texlive/2026/texmf-dist/tex/generic/pgf/pgf.revision.tex)
Package: pgfrcs 2025-08-29 v3.1.11a (3.1.11a)
))
Package: pgf 2025-08-29 v3.1.11a (3.1.11a)

(/usr/local/texlive/2026/texmf-dist/tex/latex/pgf/basiclayer/pgfcore.sty
(/usr/local/texlive/2026/texmf-dist/tex/latex/pgf/systemlayer/pgfsys.sty
(/usr/local/texlive/2026/texmf-dist/tex/generic/pgf/systemlayer/pgfsys.code.tex
Package: pgfsys 2025-08-29 v3.1.11a (3.1.11a)
(/usr/local/texlive/2026/texmf-dist/tex/generic/pgf/utilities/pgfkeys.code.tex
\pgfkeys@pathtoks=\toks28
\pgfkeys@temptoks=\toks29

(/usr/local/texlive/2026/texmf-dist/tex/generic/pgf/utilities/pgfkeyslibraryfil
tered.code.tex
\pgfkeys@tmptoks=\toks30
))
\pgf@x=\dimen195
\pgf@y=\dimen196
\pgf@xa=\dimen197
\pgf@ya=\dimen198
\pgf@xb=\dimen199
\pgf@yb=\dimen256
\pgf@xc=\dimen257
\pgf@yc=\dimen258
\pgf@xd=\dimen259
\pgf@yd=\dimen260
\w@pgf@writea=\write4
\r@pgf@reada=\read3
\c@pgf@counta=\count339
\c@pgf@countb=\count340
\c@pgf@countc=\count341
\c@pgf@countd=\count342
\t@pgf@toka=\toks31
\t@pgf@tokb=\toks32
\t@pgf@tokc=\toks33
\pgf@sys@id@count=\count343

(/usr/local/texlive/2026/texmf-dist/tex/generic/pgf/systemlayer/pgf.cfg
File: pgf.cfg 2025-08-29 v3.1.11a (3.1.11a)
)
Driver file for pgf: pgfsys-xetex.def

(/usr/local/texlive/2026/texmf-dist/tex/generic/pgf/systemlayer/pgfsys-xetex.de
f
File: pgfsys-xetex.def 2025-08-29 v3.1.11a (3.1.11a)

(/usr/local/texlive/2026/texmf-dist/tex/generic/pgf/systemlayer/pgfsys-dvipdfmx
.def
File: pgfsys-dvipdfmx.def 2025-08-29 v3.1.11a (3.1.11a)

(/usr/local/texlive/2026/texmf-dist/tex/generic/pgf/systemlayer/pgfsys-common-p
df.def
File: pgfsys-common-pdf.def 2025-08-29 v3.1.11a (3.1.11a)
)
\pgfsys@objnum=\count344
)))
(/usr/local/texlive/2026/texmf-dist/tex/generic/pgf/systemlayer/pgfsyssoftpath.
code.tex
File: pgfsyssoftpath.code.tex 2025-08-29 v3.1.11a (3.1.11a)
\pgfsyssoftpath@smallbuffer@items=\count345
\pgfsyssoftpath@bigbuffer@items=\count346
)
(/usr/local/texlive/2026/texmf-dist/tex/generic/pgf/systemlayer/pgfsysprotocol.
code.tex
File: pgfsysprotocol.code.tex 2025-08-29 v3.1.11a (3.1.11a)
))
(/usr/local/texlive/2026/texmf-dist/tex/generic/pgf/basiclayer/pgfcore.code.tex
Package: pgfcore 2025-08-29 v3.1.11a (3.1.11a)
(/usr/local/texlive/2026/texmf-dist/tex/generic/pgf/math/pgfmath.code.tex
(/usr/local/texlive/2026/texmf-dist/tex/generic/pgf/math/pgfmathutil.code.tex)
(/usr/local/texlive/2026/texmf-dist/tex/generic/pgf/math/pgfmathparser.code.tex
\pgfmath@dimen=\dimen261
\pgfmath@count=\count347
\pgfmath@box=\box70
\pgfmath@toks=\toks34
\pgfmath@stack@operand=\toks35
\pgfmath@stack@operation=\toks36
)
(/usr/local/texlive/2026/texmf-dist/tex/generic/pgf/math/pgfmathfunctions.code.
tex)
(/usr/local/texlive/2026/texmf-dist/tex/generic/pgf/math/pgfmathfunctions.basic
.code.tex)
(/usr/local/texlive/2026/texmf-dist/tex/generic/pgf/math/pgfmathfunctions.trigo
nometric.code.tex)
(/usr/local/texlive/2026/texmf-dist/tex/generic/pgf/math/pgfmathfunctions.rando
m.code.tex)
(/usr/local/texlive/2026/texmf-dist/tex/generic/pgf/math/pgfmathfunctions.compa
rison.code.tex)
(/usr/local/texlive/2026/texmf-dist/tex/generic/pgf/math/pgfmathfunctions.base.
code.tex)
(/usr/local/texlive/2026/texmf-dist/tex/generic/pgf/math/pgfmathfunctions.round
.code.tex)
(/usr/local/texlive/2026/texmf-dist/tex/generic/pgf/math/pgfmathfunctions.misc.
code.tex)
(/usr/local/texlive/2026/texmf-dist/tex/generic/pgf/math/pgfmathfunctions.integ
erarithmetics.code.tex)
(/usr/local/texlive/2026/texmf-dist/tex/generic/pgf/math/pgfmathcalc.code.tex)
(/usr/local/texlive/2026/texmf-dist/tex/generic/pgf/math/pgfmathfloat.code.tex
\c@pgfmathroundto@lastzeros=\count348
)) (/usr/local/texlive/2026/texmf-dist/tex/generic/pgf/math/pgfint.code.tex)
(/usr/local/texlive/2026/texmf-dist/tex/generic/pgf/basiclayer/pgfcorepoints.co
de.tex
File: pgfcorepoints.code.tex 2025-08-29 v3.1.11a (3.1.11a)
\pgf@picminx=\dimen262
\pgf@picmaxx=\dimen263
\pgf@picminy=\dimen264
\pgf@picmaxy=\dimen265
\pgf@pathminx=\dimen266
\pgf@pathmaxx=\dimen267
\pgf@pathminy=\dimen268
\pgf@pathmaxy=\dimen269
\pgf@xx=\dimen270
\pgf@xy=\dimen271
\pgf@yx=\dimen272
\pgf@yy=\dimen273
\pgf@zx=\dimen274
\pgf@zy=\dimen275
)
(/usr/local/texlive/2026/texmf-dist/tex/generic/pgf/basiclayer/pgfcorepathconst
ruct.code.tex
File: pgfcorepathconstruct.code.tex 2025-08-29 v3.1.11a (3.1.11a)
\pgf@path@lastx=\dimen276
\pgf@path@lasty=\dimen277
)
(/usr/local/texlive/2026/texmf-dist/tex/generic/pgf/basiclayer/pgfcorepathusage
.code.tex
File: pgfcorepathusage.code.tex 2025-08-29 v3.1.11a (3.1.11a)
\pgf@shorten@end@additional=\dimen278
\pgf@shorten@start@additional=\dimen279
)
(/usr/local/texlive/2026/texmf-dist/tex/generic/pgf/basiclayer/pgfcorescopes.co
de.tex
File: pgfcorescopes.code.tex 2025-08-29 v3.1.11a (3.1.11a)
\pgfpic=\box71
\pgf@hbox=\box72
\pgf@layerbox@main=\box73
\pgf@picture@serial@count=\count349
)
(/usr/local/texlive/2026/texmf-dist/tex/generic/pgf/basiclayer/pgfcoregraphicst
ate.code.tex
File: pgfcoregraphicstate.code.tex 2025-08-29 v3.1.11a (3.1.11a)
\pgflinewidth=\dimen280
)
(/usr/local/texlive/2026/texmf-dist/tex/generic/pgf/basiclayer/pgfcoretransform
ations.code.tex
File: pgfcoretransformations.code.tex 2025-08-29 v3.1.11a (3.1.11a)
\pgf@pt@x=\dimen281
\pgf@pt@y=\dimen282
\pgf@pt@temp=\dimen283
)
(/usr/local/texlive/2026/texmf-dist/tex/generic/pgf/basiclayer/pgfcorequick.cod
e.tex
File: pgfcorequick.code.tex 2025-08-29 v3.1.11a (3.1.11a)
)
(/usr/local/texlive/2026/texmf-dist/tex/generic/pgf/basiclayer/pgfcoreobjects.c
ode.tex
File: pgfcoreobjects.code.tex 2025-08-29 v3.1.11a (3.1.11a)
)
(/usr/local/texlive/2026/texmf-dist/tex/generic/pgf/basiclayer/pgfcorepathproce
ssing.code.tex
File: pgfcorepathprocessing.code.tex 2025-08-29 v3.1.11a (3.1.11a)
)
(/usr/local/texlive/2026/texmf-dist/tex/generic/pgf/basiclayer/pgfcorearrows.co
de.tex
File: pgfcorearrows.code.tex 2025-08-29 v3.1.11a (3.1.11a)
\pgfarrowsep=\dimen284
)
(/usr/local/texlive/2026/texmf-dist/tex/generic/pgf/basiclayer/pgfcoreshade.cod
e.tex
File: pgfcoreshade.code.tex 2025-08-29 v3.1.11a (3.1.11a)
\pgf@max=\dimen285
\pgf@sys@shading@range@num=\count350
\pgf@shadingcount=\count351
)
(/usr/local/texlive/2026/texmf-dist/tex/generic/pgf/basiclayer/pgfcoreimage.cod
e.tex
File: pgfcoreimage.code.tex 2025-08-29 v3.1.11a (3.1.11a)
)
(/usr/local/texlive/2026/texmf-dist/tex/generic/pgf/basiclayer/pgfcoreexternal.
code.tex
File: pgfcoreexternal.code.tex 2025-08-29 v3.1.11a (3.1.11a)
\pgfexternal@startupbox=\box74
)
(/usr/local/texlive/2026/texmf-dist/tex/generic/pgf/basiclayer/pgfcorelayers.co
de.tex
File: pgfcorelayers.code.tex 2025-08-29 v3.1.11a (3.1.11a)
)
(/usr/local/texlive/2026/texmf-dist/tex/generic/pgf/basiclayer/pgfcoretranspare
ncy.code.tex
File: pgfcoretransparency.code.tex 2025-08-29 v3.1.11a (3.1.11a)
)
(/usr/local/texlive/2026/texmf-dist/tex/generic/pgf/basiclayer/pgfcorepatterns.
code.tex
File: pgfcorepatterns.code.tex 2025-08-29 v3.1.11a (3.1.11a)
)
(/usr/local/texlive/2026/texmf-dist/tex/generic/pgf/basiclayer/pgfcorerdf.code.
tex
File: pgfcorerdf.code.tex 2025-08-29 v3.1.11a (3.1.11a)
)))
(/usr/local/texlive/2026/texmf-dist/tex/generic/pgf/modules/pgfmoduleshapes.cod
e.tex
File: pgfmoduleshapes.code.tex 2025-08-29 v3.1.11a (3.1.11a)
\pgfnodeparttextbox=\box75
)
(/usr/local/texlive/2026/texmf-dist/tex/generic/pgf/modules/pgfmoduleplot.code.
tex
File: pgfmoduleplot.code.tex 2025-08-29 v3.1.11a (3.1.11a)
)
(/usr/local/texlive/2026/texmf-dist/tex/latex/pgf/compatibility/pgfcomp-version
-0-65.sty
Package: pgfcomp-version-0-65 2025-08-29 v3.1.11a (3.1.11a)
\pgf@nodesepstart=\dimen286
\pgf@nodesepend=\dimen287
)
(/usr/local/texlive/2026/texmf-dist/tex/latex/pgf/compatibility/pgfcomp-version
-1-18.sty
Package: pgfcomp-version-1-18 2025-08-29 v3.1.11a (3.1.11a)
))
(/usr/local/texlive/2026/texmf-dist/tex/latex/pgf/utilities/pgffor.sty
(/usr/local/texlive/2026/texmf-dist/tex/latex/pgf/utilities/pgfkeys.sty
(/usr/local/texlive/2026/texmf-dist/tex/generic/pgf/utilities/pgfkeys.code.tex)
) (/usr/local/texlive/2026/texmf-dist/tex/latex/pgf/math/pgfmath.sty
(/usr/local/texlive/2026/texmf-dist/tex/generic/pgf/math/pgfmath.code.tex))
(/usr/local/texlive/2026/texmf-dist/tex/generic/pgf/utilities/pgffor.code.tex
Package: pgffor 2025-08-29 v3.1.11a (3.1.11a)
\pgffor@iter=\dimen288
\pgffor@skip=\dimen289
\pgffor@stack=\toks37
\pgffor@toks=\toks38
))
(/usr/local/texlive/2026/texmf-dist/tex/generic/pgf/frontendlayer/tikz/tikz.cod
e.tex
Package: tikz 2025-08-29 v3.1.11a (3.1.11a)

(/usr/local/texlive/2026/texmf-dist/tex/generic/pgf/libraries/pgflibraryplothan
dlers.code.tex
File: pgflibraryplothandlers.code.tex 2025-08-29 v3.1.11a (3.1.11a)
\pgf@plot@mark@count=\count352
\pgfplotmarksize=\dimen290
)
\tikz@lastx=\dimen291
\tikz@lasty=\dimen292
\tikz@lastxsaved=\dimen293
\tikz@lastysaved=\dimen294
\tikz@lastmovetox=\dimen295
\tikz@lastmovetoy=\dimen296
\tikzleveldistance=\dimen297
\tikzsiblingdistance=\dimen298
\tikz@figbox=\box76
\tikz@figbox@bg=\box77
\tikz@tempbox=\box78
\tikz@tempbox@bg=\box79
\tikztreelevel=\count353
\tikznumberofchildren=\count354
\tikznumberofcurrentchild=\count355
\tikz@fig@count=\count356

(/usr/local/texlive/2026/texmf-dist/tex/generic/pgf/modules/pgfmodulematrix.cod
e.tex
File: pgfmodulematrix.code.tex 2025-08-29 v3.1.11a (3.1.11a)
\pgfmatrixcurrentrow=\count357
\pgfmatrixcurrentcolumn=\count358
\pgf@matrix@numberofcolumns=\count359
)
\tikz@expandcount=\count360

(/usr/local/texlive/2026/texmf-dist/tex/generic/pgf/frontendlayer/tikz/librarie
s/tikzlibrarytopaths.code.tex
File: tikzlibrarytopaths.code.tex 2025-08-29 v3.1.11a (3.1.11a)
)))
(/usr/local/texlive/2026/texmf-dist/tex/generic/pgf/frontendlayer/tikz/librarie
s/tikzlibrarypositioning.code.tex
File: tikzlibrarypositioning.code.tex 2025-08-29 v3.1.11a (3.1.11a)
)
(/usr/local/texlive/2026/texmf-dist/tex/generic/pgf/frontendlayer/tikz/librarie
s/tikzlibrarycalc.code.tex
File: tikzlibrarycalc.code.tex 2025-08-29 v3.1.11a (3.1.11a)
)
(/usr/local/texlive/2026/texmf-dist/tex/generic/pgf/libraries/pgflibraryarrows.
meta.code.tex
File: pgflibraryarrows.meta.code.tex 2025-08-29 v3.1.11a (3.1.11a)
\pgfarrowinset=\dimen299
\pgfarrowlength=\dimen300
\pgfarrowwidth=\dimen301
\pgfarrowlinewidth=\dimen302
)
(/usr/local/texlive/2026/texmf-dist/tex/generic/pgf/frontendlayer/tikz/librarie
s/tikzlibraryshapes.geometric.code.tex
File: tikzlibraryshapes.geometric.code.tex 2025-08-29 v3.1.11a (3.1.11a)

(/usr/local/texlive/2026/texmf-dist/tex/generic/pgf/libraries/shapes/pgflibrary
shapes.geometric.code.tex
File: pgflibraryshapes.geometric.code.tex 2025-08-29 v3.1.11a (3.1.11a)
))
(/usr/local/texlive/2026/texmf-dist/tex/latex/tcolorbox/tcolorbox.sty
Package: tcolorbox 2025/11/28 version 6.9.0 text color boxes

(/usr/local/texlive/2026/texmf-dist/tex/latex/tools/verbatim.sty
Package: verbatim 2024-01-22 v1.5x LaTeX2e package for verbatim enhancements
\every@verbatim=\toks39
\verbatim@line=\toks40
\verbatim@in@stream=\read4
)
(/usr/local/texlive/2026/texmf-dist/tex/latex/environ/environ.sty
Package: environ 2014/05/04 v0.3 A new way to define environments

(/usr/local/texlive/2026/texmf-dist/tex/latex/trimspaces/trimspaces.sty
Package: trimspaces 2009/09/17 v1.1 Trim spaces around a token list
)
\@envbody=\toks41
)
\tcb@titlebox=\box80
\tcb@upperbox=\box81
\tcb@lowerbox=\box82
\tcb@phantombox=\box83
\c@tcbbreakpart=\count361
\c@tcblayer=\count362
\c@tcolorbox@number=\count363
\l__tcobox_tmpa_box=\box84
\l__tcobox_tmpa_dim=\dimen303
\tcb@temp=\box85
\tcb@temp=\box86
\tcb@temp=\box87
\tcb@temp=\box88

(/usr/local/texlive/2026/texmf-dist/tex/latex/tcolorbox/tcbraster.code.tex
Library (tcolorbox): 'tcbraster.code.tex' version '6.9.0'
\c@tcbrastercolumn=\count364
\c@tcbrasterrow=\count365
\c@tcbrasternum=\count366
\c@tcbraster=\count367
) (/usr/local/texlive/2026/texmf-dist/tex/latex/tcolorbox/tcbskins.code.tex
Library (tcolorbox): 'tcbskins.code.tex' version '6.9.0'
(/usr/local/texlive/2026/texmf-dist/tex/latex/tikzfill/tikzfill.image.sty
Package: tikzfill.image 2023/08/08 v1.0.1 Image filling library for TikZ

(/usr/local/texlive/2026/texmf-dist/tex/latex/tikzfill/tikzfill-common.sty
Package: tikzfill-common 2023/08/08 v1.0.1 Auxiliary code for tikzfill
)
(/usr/local/texlive/2026/texmf-dist/tex/latex/tikzfill/tikzlibraryfill.image.co
de.tex
File: tikzlibraryfill.image.code.tex 2023/08/08 v1.0.1 Image filling library
\l__tikzfill_img_box=\box89
))
(/usr/local/texlive/2026/texmf-dist/tex/latex/tcolorbox/tcbskinsjigsaw.code.tex
Library (tcolorbox): 'tcbskinsjigsaw.code.tex' version '6.9.0'
))
(/usr/local/texlive/2026/texmf-dist/tex/latex/tcolorbox/tcbbreakable.code.tex
Library (tcolorbox): 'tcbbreakable.code.tex' version '6.9.0'
(/usr/local/texlive/2026/texmf-dist/tex/latex/pdfcol/pdfcol.sty
Package: pdfcol 2022-09-21 v1.7 Handle new color stacks for pdfTeX (HO)

(/usr/local/texlive/2026/texmf-dist/tex/generic/infwarerr/infwarerr.sty
Package: infwarerr 2019/12/03 v1.5 Providing info/warning/error messages (HO)
)
Package pdfcol Info: Interface disabled because of missing PDF mode of pdfTeX.
)
Package pdfcol Info: pdfTeX's color stacks are not available.
\tcb@testbox=\box90
\tcb@totalupperbox=\box91
\tcb@totallowerbox=\box92
)
(/usr/local/texlive/2026/texmf-dist/tex/latex/tcolorbox/tcbhooks.code.tex
Library (tcolorbox): 'tcbhooks.code.tex' version '6.9.0'
) (/usr/local/texlive/2026/texmf-dist/tex/latex/tcolorbox/tcbtheorems.code.tex
Library (tcolorbox): 'tcbtheorems.code.tex' version '6.9.0'
(/usr/local/texlive/2026/texmf-dist/tex/latex/amsmath/amsmath.sty
Package: amsmath 2025/07/09 v2.17z AMS math features
\@mathmargin=\skip64

For additional information on amsmath, use the `?' option.
(/usr/local/texlive/2026/texmf-dist/tex/latex/amsmath/amstext.sty
Package: amstext 2024/11/17 v2.01 AMS text

(/usr/local/texlive/2026/texmf-dist/tex/latex/amsmath/amsgen.sty
File: amsgen.sty 1999/11/30 v2.0 generic functions
\@emptytoks=\toks42
\ex@=\dimen304
))
(/usr/local/texlive/2026/texmf-dist/tex/latex/amsmath/amsbsy.sty
Package: amsbsy 1999/11/29 v1.2d Bold Symbols
\pmbraise@=\dimen305
)
(/usr/local/texlive/2026/texmf-dist/tex/latex/amsmath/amsopn.sty
Package: amsopn 2022/04/08 v2.04 operator names
)
\inf@bad=\count368
LaTeX Info: Redefining \frac on input line 233.
\uproot@=\count369
\leftroot@=\count370
LaTeX Info: Redefining \overline on input line 398.
LaTeX Info: Redefining \colon on input line 409.
\classnum@=\count371
\DOTSCASE@=\count372
LaTeX Info: Redefining \ldots on input line 495.
LaTeX Info: Redefining \dots on input line 498.
LaTeX Info: Redefining \cdots on input line 619.
\Mathstrutbox@=\box93
\strutbox@=\box94
LaTeX Info: Redefining \big on input line 721.
LaTeX Info: Redefining \Big on input line 722.
LaTeX Info: Redefining \bigg on input line 723.
LaTeX Info: Redefining \Bigg on input line 724.
\big@size=\dimen306
LaTeX Font Info:    Redeclaring font encoding OML on input line 742.
LaTeX Font Info:    Redeclaring font encoding OMS on input line 743.
\macc@depth=\count373
LaTeX Info: Redefining \bmod on input line 904.
LaTeX Info: Redefining \pmod on input line 909.
LaTeX Info: Redefining \smash on input line 939.
LaTeX Info: Redefining \relbar on input line 969.
LaTeX Info: Redefining \Relbar on input line 970.
\c@MaxMatrixCols=\count374
\dotsspace@=\muskip17
\c@parentequation=\count375
\dspbrk@lvl=\count376
\tag@help=\toks43
\row@=\count377
\column@=\count378
\maxfields@=\count379
\andhelp@=\toks44
\eqnshift@=\dimen307
\alignsep@=\dimen308
\tagshift@=\dimen309
\tagwidth@=\dimen310
\totwidth@=\dimen311
\lineht@=\dimen312
\@envbody=\toks45
\multlinegap=\skip65
\multlinetaggap=\skip66
\mathdisplay@stack=\toks46
LaTeX Info: Redefining \[ on input line 2950.
LaTeX Info: Redefining \] on input line 2951.
)
\@LN@amsmath@ams@eqpen=\count380
)
(/usr/local/texlive/2026/texmf-dist/tex/latex/tcolorbox/tcbfitting.code.tex
Library (tcolorbox): 'tcbfitting.code.tex' version '6.9.0'
\tcbfitdim=\dimen313
\tcb@lowerfitdim=\dimen314
\tcb@upperfitdim=\dimen315
\tcb@cur@hbadness=\count381
)
(/usr/local/texlive/2026/texmf-dist/tex/latex/tcolorbox/tcblistingsutf8.code.te
x
Library (tcolorbox): 'tcblistingsutf8.code.tex' version '6.9.0'
(/usr/local/texlive/2026/texmf-dist/tex/latex/tcolorbox/tcblistings.code.tex
Library (tcolorbox): 'tcblistings.code.tex' version '6.9.0'
(/usr/local/texlive/2026/texmf-dist/tex/latex/listings/listings.sty
\lst@mode=\count382
\lst@gtempboxa=\box95
\lst@token=\toks47
\lst@length=\count383
\lst@currlwidth=\dimen316
\lst@column=\count384
\lst@pos=\count385
\lst@lostspace=\dimen317
\lst@width=\dimen318
\lst@newlines=\count386
\lst@lineno=\count387
\lst@maxwidth=\dimen319

(/usr/local/texlive/2026/texmf-dist/tex/latex/listings/lstpatch.sty
File: lstpatch.sty 2025/11/14 1.11b (Carsten Heinz)
)
(/usr/local/texlive/2026/texmf-dist/tex/latex/listings/lstmisc.sty
File: lstmisc.sty 2025/11/14 1.11b (Carsten Heinz)
\c@lstnumber=\count388
\lst@skipnumbers=\count389
\lst@framebox=\box96
)
(/usr/local/texlive/2026/texmf-dist/tex/latex/listings/listings.cfg
File: listings.cfg 2025/11/14 1.11b listings configuration
))
Package: listings 2025/11/14 1.11b (Carsten Heinz)

==> First Aid for listings.sty no longer applied!
    Expected:
        2024/09/23 1.10c (Carsten Heinz)
    but found:
        2025/11/14 1.11b (Carsten Heinz)
    so I'm assuming it got fixed.

(/usr/local/texlive/2026/texmf-dist/tex/latex/tcolorbox/tcblistingscore.code.te
x
Library (tcolorbox): 'tcblistingscore.code.tex' version '6.9.0'
(/usr/local/texlive/2026/texmf-dist/tex/latex/tcolorbox/tcbprocessing.code.tex
Library (tcolorbox): 'tcbprocessing.code.tex' version '6.9.0'
)
\c@tcblisting=\count390
))
Package tcolorbox Info: Library `listingsutf8' is compatible with pdftex only. 
Library `listings` is loaded instead. on input line 29.
)
(/usr/local/texlive/2026/texmf-dist/tex/latex/tcolorbox/tcbexternal.code.tex
Library (tcolorbox): 'tcbexternal.code.tex' version '6.9.0'
) (/usr/local/texlive/2026/texmf-dist/tex/latex/tcolorbox/tcbmagazine.code.tex
Library (tcolorbox): 'tcbmagazine.code.tex' version '6.9.0'
) (/usr/local/texlive/2026/texmf-dist/tex/latex/tcolorbox/tcbvignette.code.tex
Library (tcolorbox): 'tcbvignette.code.tex' version '6.9.0'

(/usr/local/texlive/2026/texmf-dist/tex/generic/pgf/frontendlayer/tikz/librarie
s/tikzlibraryfadings.code.tex
File: tikzlibraryfadings.code.tex 2025-08-29 v3.1.11a (3.1.11a)

(/usr/local/texlive/2026/texmf-dist/tex/generic/pgf/libraries/pgflibraryfadings
.code.tex
File: pgflibraryfadings.code.tex 2025-08-29 v3.1.11a (3.1.11a)
)))
(/usr/local/texlive/2026/texmf-dist/tex/latex/tcolorbox/tcbposter.code.tex
Library (tcolorbox): 'tcbposter.code.tex' version '6.9.0'
)) (/usr/local/texlive/2026/texmf-dist/tex/latex/titlesec/titlesec.sty
Package: titlesec 2025/01/04 v2.17 Sectioning titles
\ttl@box=\box97
\beforetitleunit=\skip67
\aftertitleunit=\skip68
\ttl@plus=\dimen320
\ttl@minus=\dimen321
\ttl@toksa=\toks48
\titlewidth=\dimen322
\titlewidthlast=\dimen323
\titlewidthfirst=\dimen324
)
(/usr/local/texlive/2026/texmf-dist/tex/latex/titlesec/titletoc.sty
Package: titletoc 2025/01/04 v2.17 TOC entries
\ttl@leftsep=\dimen325
)
(/usr/local/texlive/2026/texmf-dist/tex/latex/fancyhdr/fancyhdr.sty
Package: fancyhdr 2025/02/07 v5.2 Extensive control of page headers and footers

\f@nch@headwidth=\skip69
\f@nch@offset@elh=\skip70
\f@nch@offset@erh=\skip71
\f@nch@offset@olh=\skip72
\f@nch@offset@orh=\skip73
\f@nch@offset@elf=\skip74
\f@nch@offset@erf=\skip75
\f@nch@offset@olf=\skip76
\f@nch@offset@orf=\skip77
\f@nch@height=\skip78
\f@nch@footalignment=\skip79
\f@nch@widthL=\skip80
\f@nch@widthC=\skip81
\f@nch@widthR=\skip82
\@temptokenb=\toks49
)
(/usr/local/texlive/2026/texmf-dist/tex/latex/emptypage/emptypage.sty
Package: emptypage 2010/05/30 v1.2 Suppress page numbers and headings on empty 
pages
)
(/usr/local/texlive/2026/texmf-dist/tex/latex/needspace/needspace.sty
Package: needspace 2025/03/13 v1.3e reserve vertical space
)
\c@none=\count391

(./generated/highlighting.tex)
\c@ttlp@side=\count392
\ttlp@side=\count393

(/usr/local/texlive/2026/texmf-dist/tex/latex/hyperref/hyperref.sty
Package: hyperref 2026-01-29 v7.01p Hypertext links for LaTeX

(/usr/local/texlive/2026/texmf-dist/tex/generic/kvdefinekeys/kvdefinekeys.sty
Package: kvdefinekeys 2019-12-19 v1.6 Define keys (HO)
)
(/usr/local/texlive/2026/texmf-dist/tex/generic/pdfescape/pdfescape.sty
Package: pdfescape 2019/12/09 v1.15 Implements pdfTeX's escape features (HO)

(/usr/local/texlive/2026/texmf-dist/tex/generic/pdftexcmds/pdftexcmds.sty
Package: pdftexcmds 2020-06-27 v0.33 Utility functions of pdfTeX for LuaTeX (HO
)
Package pdftexcmds Info: \pdf@primitive is available.
Package pdftexcmds Info: \pdf@ifprimitive is available.
Package pdftexcmds Info: \pdfdraftmode not found.
))
(/usr/local/texlive/2026/texmf-dist/tex/latex/hycolor/hycolor.sty
Package: hycolor 2020-01-27 v1.10 Color options for hyperref/bookmark (HO)
)
(/usr/local/texlive/2026/texmf-dist/tex/latex/hyperref/nameref.sty
Package: nameref 2026-01-29 v2.58 Cross-referencing by name of section

(/usr/local/texlive/2026/texmf-dist/tex/latex/refcount/refcount.sty
Package: refcount 2019/12/15 v3.6 Data extraction from label references (HO)
)
(/usr/local/texlive/2026/texmf-dist/tex/generic/gettitlestring/gettitlestring.s
ty
Package: gettitlestring 2019/12/15 v1.6 Cleanup title references (HO)
)
\c@section@level=\count394
) (/usr/local/texlive/2026/texmf-dist/tex/generic/stringenc/stringenc.sty
Package: stringenc 2019/11/29 v1.12 Convert strings between diff. encodings (HO
)
)
\@linkdim=\dimen326
\Hy@linkcounter=\count395
\Hy@pagecounter=\count396

(/usr/local/texlive/2026/texmf-dist/tex/latex/hyperref/pd1enc.def
File: pd1enc.def 2026-01-29 v7.01p Hyperref: PDFDocEncoding definition (HO)
)
(/usr/local/texlive/2026/texmf-dist/tex/generic/intcalc/intcalc.sty
Package: intcalc 2019/12/15 v1.3 Expandable calculations with integers (HO)
)
\Hy@SavedSpaceFactor=\count397

(/usr/local/texlive/2026/texmf-dist/tex/latex/hyperref/puenc.def
File: puenc.def 2026-01-29 v7.01p Hyperref: PDF Unicode definition (HO)
)
Package hyperref Info: Hyper figures OFF on input line 4201.
Package hyperref Info: Link nesting OFF on input line 4206.
Package hyperref Info: Hyper index ON on input line 4209.
Package hyperref Info: Plain pages OFF on input line 4216.
Package hyperref Info: Backreferencing OFF on input line 4221.
Package hyperref Info: Implicit mode ON; LaTeX internals redefined.
Package hyperref Info: Bookmarks ON on input line 4468.
\c@Hy@tempcnt=\count398

(/usr/local/texlive/2026/texmf-dist/tex/latex/url/url.sty
\Urlmuskip=\muskip18
Package: url 2013/09/16  ver 3.4  Verb mode for urls, etc.
)
LaTeX Info: Redefining \url on input line 4807.
\XeTeXLinkMargin=\dimen327

(/usr/local/texlive/2026/texmf-dist/tex/generic/bitset/bitset.sty
Package: bitset 2019/12/09 v1.3 Handle bit-vector datatype (HO)

(/usr/local/texlive/2026/texmf-dist/tex/generic/bigintcalc/bigintcalc.sty
Package: bigintcalc 2019/12/15 v1.5 Expandable calculations on big integers (HO
)
))
\Fld@menulength=\count399
\Field@Width=\dimen328
\Fld@charsize=\dimen329
Package hyperref Info: Hyper figures OFF on input line 6084.
Package hyperref Info: Link nesting OFF on input line 6089.
Package hyperref Info: Hyper index ON on input line 6092.
Package hyperref Info: backreferencing OFF on input line 6099.
Package hyperref Info: Link coloring OFF on input line 6104.
Package hyperref Info: Link coloring with OCG OFF on input line 6109.
Package hyperref Info: PDF/A mode OFF on input line 6114.
\Hy@abspage=\count400
\c@Item=\count401
\c@Hfootnote=\count402
)
Package hyperref Info: Driver (autodetected): hxetex.

(/usr/local/texlive/2026/texmf-dist/tex/latex/hyperref/hxetex.def
File: hxetex.def 2026-01-29 v7.01p Hyperref driver for XeTeX
\pdfm@box=\box98
\c@Hy@AnnotLevel=\count403
\HyField@AnnotCount=\count404
\Fld@listcount=\count405
\c@bookmark@seq@number=\count406

(/usr/local/texlive/2026/texmf-dist/tex/latex/rerunfilecheck/rerunfilecheck.sty
Package: rerunfilecheck 2025-06-21 v1.11 Rerun checks for auxiliary files (HO)

(/usr/local/texlive/2026/texmf-dist/tex/generic/uniquecounter/uniquecounter.sty
Package: uniquecounter 2019/12/15 v1.4 Provide unlimited unique counter (HO)
)
Package uniquecounter Info: New unique counter `rerunfilecheck' on input line 2
84.
)
\Hy@SectionHShift=\skip83
) (/usr/local/texlive/2026/texmf-dist/tex/latex/bookmark/bookmark.sty
Package: bookmark 2023-12-10 v1.31 PDF bookmarks (HO)

(/usr/local/texlive/2026/texmf-dist/tex/latex/bookmark/bkm-dvipdfm.def
File: bkm-dvipdfm.def 2023-12-10 v1.31 bookmark driver for dvipdfm (HO)
\BKM@id=\count407
))
(/usr/local/texlive/2026/texmf-dist/tex/latex/xurl/xurl.sty
Package: xurl 2022/01/09 v 0.10 modify URL breaks
)
Package hyperref Info: Option `colorlinks' set `true' on input line 373.
Package hyperref Info: Option `pdfdisplaydoctitle' set `true' on input line 373
.
Package hyperref Info: Option `bookmarksnumbered' set `true' on input line 373.

) (./book.aux)
\openout1 = `book.aux'.

LaTeX Font Info:    Checking defaults for OML/cmm/m/it on input line 8.
LaTeX Font Info:    ... okay on input line 8.
LaTeX Font Info:    Checking defaults for OMS/cmsy/m/n on input line 8.
LaTeX Font Info:    ... okay on input line 8.
LaTeX Font Info:    Checking defaults for OT1/cmr/m/n on input line 8.
LaTeX Font Info:    ... okay on input line 8.
LaTeX Font Info:    Checking defaults for T1/cmr/m/n on input line 8.
LaTeX Font Info:    ... okay on input line 8.
LaTeX Font Info:    Checking defaults for TS1/cmr/m/n on input line 8.
LaTeX Font Info:    ... okay on input line 8.
LaTeX Font Info:    Checking defaults for TU/lmr/m/n on input line 8.
LaTeX Font Info:    ... okay on input line 8.
LaTeX Font Info:    Checking defaults for OMX/cmex/m/n on input line 8.
LaTeX Font Info:    ... okay on input line 8.
LaTeX Font Info:    Checking defaults for U/cmr/m/n on input line 8.
LaTeX Font Info:    ... okay on input line 8.
LaTeX Font Info:    Checking defaults for PD1/pdf/m/n on input line 8.
LaTeX Font Info:    ... okay on input line 8.
LaTeX Font Info:    Checking defaults for PU/pdf/m/n on input line 8.
LaTeX Font Info:    ... okay on input line 8.

*geometry* driver: auto-detecting
*geometry* detected driver: xetex
*geometry* verbose mode - [ preamble ] result:
* driver: xetex
* paper: custom
* layout: <same size as paper>
* layoutoffset:(h,v)=(0.0pt,0.0pt)
* modes: twoside 
* h-part:(L,W,R)=(61.42993pt, 415.5525pt, 65.04256pt)
* v-part:(T,H,B)=(68.65627pt, 527.57124pt, 72.26999pt)
* \paperwidth=542.025pt
* \paperheight=668.4975pt
* \textwidth=415.5525pt
* \textheight=527.57124pt
* \oddsidemargin=-10.84006pt
* \evensidemargin=-7.22743pt
* \topmargin=-37.84923pt
* \headheight=14.0pt
* \headsep=20.2355pt
* \topskip=11.0pt
* \footskip=32.52127pt
* \marginparwidth=116.0pt
* \marginparsep=7.0pt
* \columnsep=10.0pt
* \skip\footins=10.0pt plus 4.0pt minus 2.0pt
* \hoffset=0.0pt
* \voffset=0.0pt
* \mag=1000
* \@twocolumnfalse
* \@twosidetrue
* \@mparswitchtrue
* \@reversemarginfalse
* (1in=72.27pt=25.4mm, 1cm=28.453pt)


Package fontspec Info: 
(fontspec)             Adjusting the maths setup (use [no-math] to avoid
(fontspec)             this).

\symlegacymaths=\mathgroup6
LaTeX Font Info:    Overwriting symbol font `legacymaths' in version `bold'
(Font)                  OT1/cmr/m/n --> OT1/cmr/bx/n on input line 8.
LaTeX Font Info:    Redeclaring math accent \acute on input line 8.
LaTeX Font Info:    Redeclaring math accent \grave on input line 8.
LaTeX Font Info:    Redeclaring math accent \ddot on input line 8.
LaTeX Font Info:    Redeclaring math accent \tilde on input line 8.
LaTeX Font Info:    Redeclaring math accent \bar on input line 8.
LaTeX Font Info:    Redeclaring math accent \breve on input line 8.
LaTeX Font Info:    Redeclaring math accent \check on input line 8.
LaTeX Font Info:    Redeclaring math accent \hat on input line 8.
LaTeX Font Info:    Redeclaring math accent \dot on input line 8.
LaTeX Font Info:    Redeclaring math accent \mathring on input line 8.
LaTeX Font Info:    Redeclaring math symbol \Gamma on input line 8.
LaTeX Font Info:    Redeclaring math symbol \Delta on input line 8.
LaTeX Font Info:    Redeclaring math symbol \Theta on input line 8.
LaTeX Font Info:    Redeclaring math symbol \Lambda on input line 8.
LaTeX Font Info:    Redeclaring math symbol \Xi on input line 8.
LaTeX Font Info:    Redeclaring math symbol \Pi on input line 8.
LaTeX Font Info:    Redeclaring math symbol \Sigma on input line 8.
LaTeX Font Info:    Redeclaring math symbol \Upsilon on input line 8.
LaTeX Font Info:    Redeclaring math symbol \Phi on input line 8.
LaTeX Font Info:    Redeclaring math symbol \Psi on input line 8.
LaTeX Font Info:    Redeclaring math symbol \Omega on input line 8.
LaTeX Font Info:    Redeclaring math symbol \mathdollar on input line 8.
LaTeX Font Info:    Redeclaring symbol font `operators' on input line 8.
LaTeX Font Info:    Encoding `OT1' has changed to `TU' for symbol font
(Font)              `operators' in the math version `normal' on input line 8.
LaTeX Font Info:    Overwriting symbol font `operators' in version `normal'
(Font)                  OT1/cmr/m/n --> TU/LibertinusSerif(0)/m/n on input line
 8.
LaTeX Font Info:    Encoding `OT1' has changed to `TU' for symbol font
(Font)              `operators' in the math version `bold' on input line 8.
LaTeX Font Info:    Overwriting symbol font `operators' in version `bold'
(Font)                  OT1/cmr/bx/n --> TU/LibertinusSerif(0)/m/n on input lin
e 8.
LaTeX Font Info:    Overwriting symbol font `operators' in version `normal'
(Font)                  TU/LibertinusSerif(0)/m/n --> TU/LibertinusSerif(0)/m/n
 on input line 8.
LaTeX Font Info:    Overwriting math alphabet `\mathit' in version `normal'
(Font)                  OT1/cmr/m/it --> TU/LibertinusSerif(0)/m/it on input li
ne 8.
LaTeX Font Info:    Overwriting math alphabet `\mathbf' in version `normal'
(Font)                  OT1/cmr/bx/n --> TU/LibertinusSerif(0)/b/n on input lin
e 8.
LaTeX Font Info:    Overwriting math alphabet `\mathsf' in version `normal'
(Font)                  OT1/cmss/m/n --> TU/FiraSans(0)/m/n on input line 8.
LaTeX Font Info:    Overwriting math alphabet `\mathtt' in version `normal'
(Font)                  OT1/cmtt/m/n --> TU/Menlo(0)/m/n on input line 8.
LaTeX Font Info:    Overwriting symbol font `operators' in version `bold'
(Font)                  TU/LibertinusSerif(0)/m/n --> TU/LibertinusSerif(0)/b/n
 on input line 8.
LaTeX Font Info:    Overwriting math alphabet `\mathit' in version `bold'
(Font)                  OT1/cmr/bx/it --> TU/LibertinusSerif(0)/b/it on input l
ine 8.
LaTeX Font Info:    Overwriting math alphabet `\mathsf' in version `bold'
(Font)                  OT1/cmss/bx/n --> TU/FiraSans(0)/b/n on input line 8.
LaTeX Font Info:    Overwriting math alphabet `\mathtt' in version `bold'
(Font)                  OT1/cmtt/m/n --> TU/Menlo(0)/b/n on input line 8.
LaTeX Info: Redefining \microtypecontext on input line 8.
Package microtype Info: Applying patch `item' on input line 8.
Package microtype Info: Applying patch `toc' on input line 8.
Package microtype Info: Applying patch `eqnum' on input line 8.
Package microtype Info: Applying patch `footnote' on input line 8.
Package microtype Info: Applying patch `verbatim' on input line 8.
LaTeX Info: Redefining \microtypesetup on input line 8.
Package microtype Info: Character protrusion enabled (level 2).
Package microtype Info: Using default protrusion set `alltext'.
Package microtype Info: No adjustment of tracking.
Package microtype Info: No adjustment of spacing.
Package microtype Info: No adjustment of kerning.
Package microtype Info: Loading generic protrusion settings for font family
(microtype)             `LibertinusSerif' (encoding: TU).
(microtype)             For optimal results, create family-specific settings.
(microtype)             See the microtype manual for details.
\c@lstlisting=\count408
Package hyperref Info: Link coloring ON on input line 8.
(./front/cover.tex
LaTeX Font Info:    Font shape `TU/FiraSans(0)/m/n' will be
(Font)              scaled to size 10.07397pt on input line 18.
Package microtype Info: Loading generic protrusion settings for font family
(microtype)             `FiraSans' (encoding: TU).
(microtype)             For optimal results, create family-specific settings.
(microtype)             See the microtype manual for details.
LaTeX Font Info:    Font shape `TU/FiraSans(0)/b/n' will be
(Font)              scaled to size 10.07397pt on input line 18.
LaTeX Font Info:    Font shape `TU/FiraSans(0)/b/n' will be
(Font)              scaled to size 36.79993pt on input line 18.
LaTeX Font Info:    Font shape `TU/FiraSans(0)/b/n' will be
(Font)              scaled to size 11.03998pt on input line 33.
LaTeX Font Info:    Font shape `TU/FiraSans(0)/m/n' will be
(Font)              scaled to size 9.19998pt on input line 33.
LaTeX Font Info:    Font shape `TU/FiraSans(0)/b/n' will be
(Font)              scaled to size 9.19998pt on input line 33.
LaTeX Font Info:    Font shape `TU/FiraSans(0)/m/n' will be
(Font)              scaled to size 7.35999pt on input line 33.

Package fontspec Info: 
(fontspec)             FiraSans-Regular scale = 0.92.


Package fontspec Info: 
(fontspec)             FiraSans-Regular scale = 0.92.


Package fontspec Info: 
(fontspec)             FiraSans-Regular scale = 0.92.


Package fontspec Info: 
(fontspec)             FiraSans-SemiBold scale = 0.92.


Package fontspec Info: 
(fontspec)             FiraSans-SemiBold scale = 0.92.


Package fontspec Info: 
(fontspec)             FiraSans-Italic scale = 0.92.


Package fontspec Info: 
(fontspec)             FiraSans-Italic scale = 0.92.


Package fontspec Info: 
(fontspec)             FiraSans-SemiBoldItalic scale = 0.92.


Package fontspec Info: 
(fontspec)             FiraSans-SemiBoldItalic scale = 0.92.


Package fontspec Info: 
(fontspec)             Font family 'FiraSans(1)' created for font 'FiraSans'
(fontspec)             with options
(fontspec)             [Ligatures=TeX,Extension=.otf,UprightFont=*-Regular,Bold
Font=*-SemiBold,ItalicFont=*-Italic,BoldItalicFont=*-SemiBoldItalic,Scale=0.92,
LetterSpace=15].
(fontspec)              
(fontspec)              This font family consists of the following NFSS
(fontspec)             series/shapes:
(fontspec)              
(fontspec)             - 'normal' (m/n) with NFSS spec.:
(fontspec)             <->s*[0.92]"[FiraSans-Regular.otf]/OT:script=latn;langua
ge=dflt;letterspace=15;mapping=tex-text;"
(fontspec)             - 'small caps'  (m/sc) with NFSS spec.:
(fontspec)             <->s*[0.92]"[FiraSans-Regular.otf]/OT:script=latn;langua
ge=dflt;letterspace=15;+smcp;mapping=tex-text;"
(fontspec)             - 'bold' (b/n) with NFSS spec.:
(fontspec)             <->s*[0.92]"[FiraSans-SemiBold.otf]/OT:script=latn;langu
age=dflt;letterspace=15;mapping=tex-text;"
(fontspec)             - 'bold small caps'  (b/sc) with NFSS spec.:
(fontspec)             <->s*[0.92]"[FiraSans-SemiBold.otf]/OT:script=latn;langu
age=dflt;letterspace=15;+smcp;mapping=tex-text;"
(fontspec)             - 'italic' (m/it) with NFSS spec.:
(fontspec)             <->s*[0.92]"[FiraSans-Italic.otf]/OT:script=latn;languag
e=dflt;letterspace=15;mapping=tex-text;"
(fontspec)             - 'italic small caps'  (m/scit) with NFSS spec.:
(fontspec)             <->s*[0.92]"[FiraSans-Italic.otf]/OT:script=latn;languag
e=dflt;letterspace=15;+smcp;mapping=tex-text;"
(fontspec)             - 'bold italic' (b/it) with NFSS spec.:
(fontspec)             <->s*[0.92]"[FiraSans-SemiBoldItalic.otf]/OT:script=latn
;language=dflt;letterspace=15;mapping=tex-text;"
(fontspec)             - 'bold italic small caps'  (b/scit) with NFSS spec.:
(fontspec)             <->s*[0.92]"[FiraSans-SemiBoldItalic.otf]/OT:script=latn
;language=dflt;letterspace=15;+smcp;mapping=tex-text;"

LaTeX Font Info:    Font shape `TU/FiraSans(1)/m/n' will be
(Font)              scaled to size 7.35999pt on input line 40.
 [1

]) [2


] (./front/titlepage.tex
LaTeX Font Info:    Font shape `TU/FiraSans(0)/b/n' will be
(Font)              scaled to size 27.59995pt on input line 7.
LaTeX Font Info:    Font shape `TU/FiraSans(0)/m/n' will be
(Font)              scaled to size 8.27998pt on input line 17.

Package fontspec Info: 
(fontspec)             FiraSans-Regular scale = 0.92.

LaTeX Font Info:    Font shape `TU/FiraSans(1)/m/n' will be
(Font)              scaled to size 8.27998pt on input line 17.
 [1

]) (./front/copyright.tex
LaTeX Font Info:    Trying to load font information for U+msa on input line 22.


(/usr/local/texlive/2026/texmf-dist/tex/latex/amsfonts/umsa.fd
File: umsa.fd 2013/01/14 v3.01 AMS symbols A
)
(/usr/local/texlive/2026/texmf-dist/tex/latex/microtype/mt-msa.cfg
File: mt-msa.cfg 2006/02/04 v1.1 microtype config. file: AMS symbols (a) (RS)
)
LaTeX Font Info:    Trying to load font information for U+msb on input line 22.


(/usr/local/texlive/2026/texmf-dist/tex/latex/amsfonts/umsb.fd
File: umsb.fd 2013/01/14 v3.01 AMS symbols B
)
(/usr/local/texlive/2026/texmf-dist/tex/latex/microtype/mt-msb.cfg
File: mt-msb.cfg 2005/06/01 v1.0 microtype config. file: AMS symbols (b) (RS)
)
(/usr/local/texlive/2026/texmf-dist/tex/latex/microtype/mt-cmr.cfg
File: mt-cmr.cfg 2013/05/19 v2.2 microtype config. file: Computer Modern Roman 
(RS)
) [2

])
(./front/dedication.tex [3


]) [4


]
LaTeX Font Info:    Font shape `TU/FiraSans(0)/m/n' will be
(Font)              scaled to size 23.91995pt on input line 16.
LaTeX Font Info:    Font shape `TU/FiraSans(0)/b/n' will be
(Font)              scaled to size 23.91995pt on input line 16.
 (./book.toc [5] [6]
LaTeX Font Info:    Font shape `TU/FiraSans(0)/b/n' will be
(Font)              scaled to size 7.35999pt on input line 62.

Package fontspec Info: 
(fontspec)             FiraSans-Regular scale = 0.92.


Package fontspec Info: 
(fontspec)             FiraSans-Regular scale = 0.92.


Package fontspec Info: 
(fontspec)             FiraSans-Regular scale = 0.92.


Package fontspec Info: 
(fontspec)             FiraSans-SemiBold scale = 0.92.


Package fontspec Info: 
(fontspec)             FiraSans-SemiBold scale = 0.92.


Package fontspec Info: 
(fontspec)             FiraSans-Italic scale = 0.92.


Package fontspec Info: 
(fontspec)             FiraSans-Italic scale = 0.92.


Package fontspec Info: 
(fontspec)             FiraSans-SemiBoldItalic scale = 0.92.


Package fontspec Info: 
(fontspec)             FiraSans-SemiBoldItalic scale = 0.92.


Package fontspec Info: 
(fontspec)             Font family 'FiraSans(2)' created for font 'FiraSans'
(fontspec)             with options
(fontspec)             [Ligatures=TeX,Extension=.otf,UprightFont=*-Regular,Bold
Font=*-SemiBold,ItalicFont=*-Italic,BoldItalicFont=*-SemiBoldItalic,Scale=0.92,
LetterSpace=10].
(fontspec)              
(fontspec)              This font family consists of the following NFSS
(fontspec)             series/shapes:
(fontspec)              
(fontspec)             - 'normal' (m/n) with NFSS spec.:
(fontspec)             <->s*[0.92]"[FiraSans-Regular.otf]/OT:script=latn;langua
ge=dflt;letterspace=10;mapping=tex-text;"
(fontspec)             - 'small caps'  (m/sc) with NFSS spec.:
(fontspec)             <->s*[0.92]"[FiraSans-Regular.otf]/OT:script=latn;langua
ge=dflt;letterspace=10;+smcp;mapping=tex-text;"
(fontspec)             - 'bold' (b/n) with NFSS spec.:
(fontspec)             <->s*[0.92]"[FiraSans-SemiBold.otf]/OT:script=latn;langu
age=dflt;letterspace=10;mapping=tex-text;"
(fontspec)             - 'bold small caps'  (b/sc) with NFSS spec.:
(fontspec)             <->s*[0.92]"[FiraSans-SemiBold.otf]/OT:script=latn;langu
age=dflt;letterspace=10;+smcp;mapping=tex-text;"
(fontspec)             - 'italic' (m/it) with NFSS spec.:
(fontspec)             <->s*[0.92]"[FiraSans-Italic.otf]/OT:script=latn;languag
e=dflt;letterspace=10;mapping=tex-text;"
(fontspec)             - 'italic small caps'  (m/scit) with NFSS spec.:
(fontspec)             <->s*[0.92]"[FiraSans-Italic.otf]/OT:script=latn;languag
e=dflt;letterspace=10;+smcp;mapping=tex-text;"
(fontspec)             - 'bold italic' (b/it) with NFSS spec.:
(fontspec)             <->s*[0.92]"[FiraSans-SemiBoldItalic.otf]/OT:script=latn
;language=dflt;letterspace=10;mapping=tex-text;"
(fontspec)             - 'bold italic small caps'  (b/scit) with NFSS spec.:
(fontspec)             <->s*[0.92]"[FiraSans-SemiBoldItalic.otf]/OT:script=latn
;language=dflt;letterspace=10;+smcp;mapping=tex-text;"

LaTeX Font Info:    Font shape `TU/FiraSans(2)/b/n' will be
(Font)              scaled to size 7.35999pt on input line 62.
LaTeX Font Info:    Font shape `TU/Menlo(0)/m/n' will be
(Font)              scaled to size 9.30756pt on input line 65.
Package microtype Info: Loading generic protrusion settings for font family
(microtype)             `Menlo' (encoding: TU).
(microtype)             For optimal results, create family-specific settings.
(microtype)             See the microtype manual for details.
LaTeX Font Info:    Font shape `TU/Menlo(0)/m/n' will be
(Font)              scaled to size 8.50006pt on input line 65.
 [7]

Package fontspec Info: 
(fontspec)             FiraSans-Regular scale = 0.92.

 [8]

Package fontspec Info: 
(fontspec)             FiraSans-Regular scale = 0.92.

 [9]

Package fontspec Info: 
(fontspec)             FiraSans-Regular scale = 0.92.

 [10]

Package fontspec Info: 
(fontspec)             FiraSans-Regular scale = 0.92.

 [11]

Package fontspec Info: 
(fontspec)             FiraSans-Regular scale = 0.92.


Package fontspec Info: 
(fontspec)             FiraSans-Regular scale = 0.92.


[12]

Package fontspec Info: 
(fontspec)             FiraSans-Regular scale = 0.92.

 [13]

Package fontspec Info: 
(fontspec)             FiraSans-Regular scale = 0.92.

 [14]

Package fontspec Info: 
(fontspec)             FiraSans-Regular scale = 0.92.

 [15] [16]

Package fontspec Info: 
(fontspec)             FiraSans-Regular scale = 0.92.

 [17]

Package fontspec Info: 
(fontspec)             FiraSans-Regular scale = 0.92.


Package fontspec Info: 
(fontspec)             FiraSans-Regular scale = 0.92.


Package fontspec Info: 
(fontspec)             FiraSans-Regular scale = 0.92.

 [18] [19])
\tf@toc=\write5
\openout5 = `book.toc'.

 (./front/preface.tex [20]
LaTeX Font Info:    Font shape `TU/FiraSans(0)/m/n' will be
(Font)              scaled to size 13.24796pt on input line 12.
LaTeX Font Info:    Font shape `TU/FiraSans(0)/b/n' will be
(Font)              scaled to size 13.24796pt on input line 12.
 [21


]
LaTeX Font Info:    Font shape `TU/FiraSans(0)/b/n' will be
(Font)              scaled to size 8.27998pt on input line 63.
LaTeX Font Info:    Font shape `TU/Menlo(0)/m/n' will be
(Font)              scaled to size 7.65005pt on input line 65.
LaTeX Font Info:    Font shape `TU/Menlo(0)/b/n' will be
(Font)              scaled to size 7.65005pt on input line 66.

[22]) [23] [24] (./chapters/how-software-gets-built.tex [1



]
LaTeX Font Info:    Font shape `TU/FiraSans(0)/m/n' will be
(Font)              scaled to size 11.03998pt on input line 63.
 [2] [3] [4]
[5] [6] [7] [8] [9] [10] [11]) [12]

Package hyperref Warning: Token not allowed in a PDF string (Unicode):
(hyperref)                removing `\leavevmode@ifvmode' on input line 26.


Package hyperref Warning: Token not allowed in a PDF string (Unicode):
(hyperref)                \kern 5.47499pt
(hyperref)                replaced by space on input line 26.


Package hyperref Warning: Token not allowed in a PDF string (Unicode):
(hyperref)                removing `\leavevmode@ifvmode' on input line 26.


Package hyperref Warning: Token not allowed in a PDF string (Unicode):
(hyperref)                \kern 5.47499pt
(hyperref)                replaced by space on input line 26.

LaTeX Font Info:    Font shape `TU/FiraSans(0)/b/n' will be
(Font)              scaled to size 101.1998pt on input line 26.

Package fontspec Info: 
(fontspec)             FiraSans-Regular scale = 0.92.


Package fontspec Info: 
(fontspec)             FiraSans-Regular scale = 0.92.


Package fontspec Info: 
(fontspec)             FiraSans-Regular scale = 0.92.


Package fontspec Info: 
(fontspec)             FiraSans-SemiBold scale = 0.92.


Package fontspec Info: 
(fontspec)             FiraSans-SemiBold scale = 0.92.


Package fontspec Info: 
(fontspec)             FiraSans-Italic scale = 0.92.


Package fontspec Info: 
(fontspec)             FiraSans-Italic scale = 0.92.


Package fontspec Info: 
(fontspec)             FiraSans-SemiBoldItalic scale = 0.92.


Package fontspec Info: 
(fontspec)             FiraSans-SemiBoldItalic scale = 0.92.


Package fontspec Info: 
(fontspec)             Font family 'FiraSans(3)' created for font 'FiraSans'
(fontspec)             with options
(fontspec)             [Ligatures=TeX,Extension=.otf,UprightFont=*-Regular,Bold
Font=*-SemiBold,ItalicFont=*-Italic,BoldItalicFont=*-SemiBoldItalic,Scale=0.92,
LetterSpace=25].
(fontspec)              
(fontspec)              This font family consists of the following NFSS
(fontspec)             series/shapes:
(fontspec)              
(fontspec)             - 'normal' (m/n) with NFSS spec.:
(fontspec)             <->s*[0.92]"[FiraSans-Regular.otf]/OT:script=latn;langua
ge=dflt;letterspace=25;mapping=tex-text;"
(fontspec)             - 'small caps'  (m/sc) with NFSS spec.:
(fontspec)             <->s*[0.92]"[FiraSans-Regular.otf]/OT:script=latn;langua
ge=dflt;letterspace=25;+smcp;mapping=tex-text;"
(fontspec)             - 'bold' (b/n) with NFSS spec.:
(fontspec)             <->s*[0.92]"[FiraSans-SemiBold.otf]/OT:script=latn;langu
age=dflt;letterspace=25;mapping=tex-text;"
(fontspec)             - 'bold small caps'  (b/sc) with NFSS spec.:
(fontspec)             <->s*[0.92]"[FiraSans-SemiBold.otf]/OT:script=latn;langu
age=dflt;letterspace=25;+smcp;mapping=tex-text;"
(fontspec)             - 'italic' (m/it) with NFSS spec.:
(fontspec)             <->s*[0.92]"[FiraSans-Italic.otf]/OT:script=latn;languag
e=dflt;letterspace=25;mapping=tex-text;"
(fontspec)             - 'italic small caps'  (m/scit) with NFSS spec.:
(fontspec)             <->s*[0.92]"[FiraSans-Italic.otf]/OT:script=latn;languag
e=dflt;letterspace=25;+smcp;mapping=tex-text;"
(fontspec)             - 'bold italic' (b/it) with NFSS spec.:
(fontspec)             <->s*[0.92]"[FiraSans-SemiBoldItalic.otf]/OT:script=latn
;language=dflt;letterspace=25;mapping=tex-text;"
(fontspec)             - 'bold italic small caps'  (b/scit) with NFSS spec.:
(fontspec)             <->s*[0.92]"[FiraSans-SemiBoldItalic.otf]/OT:script=latn
;language=dflt;letterspace=25;+smcp;mapping=tex-text;"

LaTeX Font Info:    Font shape `TU/FiraSans(3)/b/n' will be
(Font)              scaled to size 9.19998pt on input line 26.
LaTeX Font Info:    Font shape `TU/FiraSans(0)/m/n' will be
(Font)              scaled to size 5.51999pt on input line 26.
LaTeX Font Info:    Font shape `TU/FiraSans(0)/b/n' will be
(Font)              scaled to size 5.51999pt on input line 26.

Package fontspec Info: 
(fontspec)             FiraSans-Regular scale = 0.92.

LaTeX Font Info:    Font shape `TU/FiraSans(1)/b/n' will be
(Font)              scaled to size 5.51999pt on input line 26.
LaTeX Font Info:    Font shape `TU/FiraSans(0)/m/it' will be
(Font)              scaled to size 7.35999pt on input line 26.
[13

] [14

] (./chapters/product-discovery.tex [15


] [16] [17] [18] [19] [20])
[21] [22

]

Package hyperref Warning: Token not allowed in a PDF string (Unicode):
(hyperref)                removing `\leavevmode@ifvmode' on input line 31.


Package hyperref Warning: Token not allowed in a PDF string (Unicode):
(hyperref)                \kern 5.47499pt
(hyperref)                replaced by space on input line 31.


Package hyperref Warning: Token not allowed in a PDF string (Unicode):
(hyperref)                removing `\leavevmode@ifvmode' on input line 31.


Package hyperref Warning: Token not allowed in a PDF string (Unicode):
(hyperref)                \kern 5.47499pt
(hyperref)                replaced by space on input line 31.


Package fontspec Info: 
(fontspec)             FiraSans-Regular scale = 0.92.


Package fontspec Info: 
(fontspec)             FiraSans-Regular scale = 0.92.

[23] [24

] (./chapters/project-planning-guide.tex [25


] [26] [27] [28] [29]
[30] [31] [32] [33] [34] [35] [36] [37] [38] [39] [40] [41] [42]
Underfull \hbox (badness 1661) in paragraph at lines 1011--1013
[]\TU/LibertinusSerif(0)/b/n/10.95 Configuration reference: \TU/Menlo(0)/m/n/10
.95 DATABASE_URL \TU/LibertinusSerif(0)/m/n/10.95 and \TU/Menlo(0)/m/n/10.95 SE
CRET_KEY \TU/LibertinusSerif(0)/m/n/10.95 (required); \TU/Menlo(0)/m/n/10.95 FL
ASK_DEBUG\TU/LibertinusSerif(0)/m/n/10.95 ,
 []

[43]) [44]

Package hyperref Warning: Token not allowed in a PDF string (Unicode):
(hyperref)                removing `\leavevmode@ifvmode' on input line 37.


Package hyperref Warning: Token not allowed in a PDF string (Unicode):
(hyperref)                \kern 5.47499pt
(hyperref)                replaced by space on input line 37.


Package hyperref Warning: Token not allowed in a PDF string (Unicode):
(hyperref)                removing `\leavevmode@ifvmode' on input line 37.


Package hyperref Warning: Token not allowed in a PDF string (Unicode):
(hyperref)                \kern 5.47499pt
(hyperref)                replaced by space on input line 37.


Package fontspec Info: 
(fontspec)             FiraSans-Regular scale = 0.92.


Package fontspec Info: 
(fontspec)             FiraSans-Regular scale = 0.92.

[45

] [46

] (./chapters/writing-good-code.tex [47


] [48] [49] [50] [51] [52

]
[53

] [54]
LaTeX Font Info:    Font shape `TU/Menlo(0)/b/n' will be
(Font)              scaled to size 9.30756pt on input line 334.
 [55] [56] [57] [58] [59] [60] [61] [62] [63] [64] [65] [66] [67]
[68]) [69] [70

]

Package hyperref Warning: Token not allowed in a PDF string (Unicode):
(hyperref)                removing `\leavevmode@ifvmode' on input line 43.


Package hyperref Warning: Token not allowed in a PDF string (Unicode):
(hyperref)                \kern 5.47499pt
(hyperref)                replaced by space on input line 43.


Package hyperref Warning: Token not allowed in a PDF string (Unicode):
(hyperref)                removing `\leavevmode@ifvmode' on input line 43.


Package hyperref Warning: Token not allowed in a PDF string (Unicode):
(hyperref)                \kern 5.47499pt
(hyperref)                replaced by space on input line 43.


Package fontspec Info: 
(fontspec)             FiraSans-Regular scale = 0.92.


Package fontspec Info: 
(fontspec)             FiraSans-Regular scale = 0.92.

[71] [72

] (./chapters/part4-introduction.tex [73


] [74] [75] [76]
LaTeX Font Info:    Font shape `TU/Menlo(0)/m/it' will be
(Font)              scaled to size 7.65005pt on input line 141.
 [77]
ignored: Infinite glue shrinkage found in box being split [78])
[79] [80

]
LaTeX Font Info:    Font shape `TU/FiraSans(0)/b/n' will be
(Font)              scaled to size 137.99973pt on input line 49.

Package fontspec Info: 
(fontspec)             FiraSans-Regular scale = 0.92.


Package fontspec Info: 
(fontspec)             FiraSans-Regular scale = 0.92.


Package fontspec Info: 
(fontspec)             FiraSans-Regular scale = 0.92.


Package fontspec Info: 
(fontspec)             FiraSans-SemiBold scale = 0.92.


Package fontspec Info: 
(fontspec)             FiraSans-SemiBold scale = 0.92.


Package fontspec Info: 
(fontspec)             FiraSans-Italic scale = 0.92.


Package fontspec Info: 
(fontspec)             FiraSans-Italic scale = 0.92.


Package fontspec Info: 
(fontspec)             FiraSans-SemiBoldItalic scale = 0.92.


Package fontspec Info: 
(fontspec)             FiraSans-SemiBoldItalic scale = 0.92.


Package fontspec Info: 
(fontspec)             Font family 'FiraSans(4)' created for font 'FiraSans'
(fontspec)             with options
(fontspec)             [Ligatures=TeX,Extension=.otf,UprightFont=*-Regular,Bold
Font=*-SemiBold,ItalicFont=*-Italic,BoldItalicFont=*-SemiBoldItalic,Scale=0.92,
LetterSpace=20].
(fontspec)              
(fontspec)              This font family consists of the following NFSS
(fontspec)             series/shapes:
(fontspec)              
(fontspec)             - 'normal' (m/n) with NFSS spec.:
(fontspec)             <->s*[0.92]"[FiraSans-Regular.otf]/OT:script=latn;langua
ge=dflt;letterspace=20;mapping=tex-text;"
(fontspec)             - 'small caps'  (m/sc) with NFSS spec.:
(fontspec)             <->s*[0.92]"[FiraSans-Regular.otf]/OT:script=latn;langua
ge=dflt;letterspace=20;+smcp;mapping=tex-text;"
(fontspec)             - 'bold' (b/n) with NFSS spec.:
(fontspec)             <->s*[0.92]"[FiraSans-SemiBold.otf]/OT:script=latn;langu
age=dflt;letterspace=20;mapping=tex-text;"
(fontspec)             - 'bold small caps'  (b/sc) with NFSS spec.:
(fontspec)             <->s*[0.92]"[FiraSans-SemiBold.otf]/OT:script=latn;langu
age=dflt;letterspace=20;+smcp;mapping=tex-text;"
(fontspec)             - 'italic' (m/it) with NFSS spec.:
(fontspec)             <->s*[0.92]"[FiraSans-Italic.otf]/OT:script=latn;languag
e=dflt;letterspace=20;mapping=tex-text;"
(fontspec)             - 'italic small caps'  (m/scit) with NFSS spec.:
(fontspec)             <->s*[0.92]"[FiraSans-Italic.otf]/OT:script=latn;languag
e=dflt;letterspace=20;+smcp;mapping=tex-text;"
(fontspec)             - 'bold italic' (b/it) with NFSS spec.:
(fontspec)             <->s*[0.92]"[FiraSans-SemiBoldItalic.otf]/OT:script=latn
;language=dflt;letterspace=20;mapping=tex-text;"
(fontspec)             - 'bold italic small caps'  (b/scit) with NFSS spec.:
(fontspec)             <->s*[0.92]"[FiraSans-SemiBoldItalic.otf]/OT:script=latn
;language=dflt;letterspace=20;+smcp;mapping=tex-text;"

LaTeX Font Info:    Font shape `TU/FiraSans(4)/b/n' will be
(Font)              scaled to size 9.19998pt on input line 49.

Package fontspec Info: 
(fontspec)             FiraSans-Regular scale = 0.92.

LaTeX Font Info:    Font shape `TU/FiraSans(4)/b/n' will be
(Font)              scaled to size 7.35999pt on input line 49.

Package fontspec Info: 
(fontspec)             FiraSans-Regular scale = 0.92.

LaTeX Font Info:    Font shape `TU/FiraSans(0)/m/it' will be
(Font)              scaled to size 8.27998pt on input line 49.
 [81] [82

] (./chapters/01-command-to-process.tex
Chapter 1.

Package fontspec Info: 
(fontspec)             FiraSans-Regular scale = 0.92.


Package fontspec Info: 
(fontspec)             FiraSans-Regular scale = 0.92.


Package fontspec Info: 
(fontspec)             FiraSans-Regular scale = 0.92.


Package fontspec Info: 
(fontspec)             FiraSans-SemiBold scale = 0.92.


Package fontspec Info: 
(fontspec)             FiraSans-SemiBold scale = 0.92.


Package fontspec Info: 
(fontspec)             FiraSans-Italic scale = 0.92.


Package fontspec Info: 
(fontspec)             FiraSans-Italic scale = 0.92.


Package fontspec Info: 
(fontspec)             FiraSans-SemiBoldItalic scale = 0.92.


Package fontspec Info: 
(fontspec)             FiraSans-SemiBoldItalic scale = 0.92.


Package fontspec Info: 
(fontspec)             Font family 'FiraSans(5)' created for font 'FiraSans'
(fontspec)             with options
(fontspec)             [Ligatures=TeX,Extension=.otf,UprightFont=*-Regular,Bold
Font=*-SemiBold,ItalicFont=*-Italic,BoldItalicFont=*-SemiBoldItalic,Scale=0.92,
LetterSpace=18].
(fontspec)              
(fontspec)              This font family consists of the following NFSS
(fontspec)             series/shapes:
(fontspec)              
(fontspec)             - 'normal' (m/n) with NFSS spec.:
(fontspec)             <->s*[0.92]"[FiraSans-Regular.otf]/OT:script=latn;langua
ge=dflt;letterspace=18;mapping=tex-text;"
(fontspec)             - 'small caps'  (m/sc) with NFSS spec.:
(fontspec)             <->s*[0.92]"[FiraSans-Regular.otf]/OT:script=latn;langua
ge=dflt;letterspace=18;+smcp;mapping=tex-text;"
(fontspec)             - 'bold' (b/n) with NFSS spec.:
(fontspec)             <->s*[0.92]"[FiraSans-SemiBold.otf]/OT:script=latn;langu
age=dflt;letterspace=18;mapping=tex-text;"
(fontspec)             - 'bold small caps'  (b/sc) with NFSS spec.:
(fontspec)             <->s*[0.92]"[FiraSans-SemiBold.otf]/OT:script=latn;langu
age=dflt;letterspace=18;+smcp;mapping=tex-text;"
(fontspec)             - 'italic' (m/it) with NFSS spec.:
(fontspec)             <->s*[0.92]"[FiraSans-Italic.otf]/OT:script=latn;languag
e=dflt;letterspace=18;mapping=tex-text;"
(fontspec)             - 'italic small caps'  (m/scit) with NFSS spec.:
(fontspec)             <->s*[0.92]"[FiraSans-Italic.otf]/OT:script=latn;languag
e=dflt;letterspace=18;+smcp;mapping=tex-text;"
(fontspec)             - 'bold italic' (b/it) with NFSS spec.:
(fontspec)             <->s*[0.92]"[FiraSans-SemiBoldItalic.otf]/OT:script=latn
;language=dflt;letterspace=18;mapping=tex-text;"
(fontspec)             - 'bold italic small caps'  (b/scit) with NFSS spec.:
(fontspec)             <->s*[0.92]"[FiraSans-SemiBoldItalic.otf]/OT:script=latn
;language=dflt;letterspace=18;+smcp;mapping=tex-text;"

LaTeX Font Info:    Font shape `TU/FiraSans(5)/b/n' will be
(Font)              scaled to size 8.27998pt on input line 2.
[83

]
LaTeX Font Info:    Font shape `TU/Menlo(0)/b/n' will be
(Font)              scaled to size 12.24008pt on input line 78.
 [84]
LaTeX Font Info:    Font shape `TU/Menlo(0)/b/n' will be
(Font)              scaled to size 10.20007pt on input line 84.
 [85] [86] [87] [88] [89] [90] [91] [92] [93]
Underfull \hbox (badness 10000) in paragraph at lines 506--507
\TU/LibertinusSerif(0)/m/n/10.95 Python limits recursion depth to 1000 by defau
lt (you can check with
 []


Underfull \hbox (badness 4886) in paragraph at lines 506--507
\TU/Menlo(0)/m/n/10.95 sys.getrecursionlimit()\TU/LibertinusSerif(0)/m/n/10.95 
). The limit exists specifically to turn a would-be stack
 []

[94] [95] [96] [97]
LaTeX Font Info:    Font shape `TU/Menlo(0)/b/n' will be
(Font)              scaled to size 8.50006pt on input line 724.
 [98] [99]) (./chapters/02-runtime-initialization.tex
[100]
Chapter 2.

Package fontspec Info: 
(fontspec)             FiraSans-Regular scale = 0.92.

[101

] [102] [103] [104] [105] [106] [107] [108] [109] [110] [111] [112]
[113] [114] [115] [116]) (./chapters/03-network-capability.tex [117] [118

]
Chapter 3.

Package fontspec Info: 
(fontspec)             FiraSans-Regular scale = 0.92.

[119] [120]
Underfull \hbox (badness 1478) in paragraph at lines 112--114
[]\TU/LibertinusSerif(0)/b/n/10.95 Address family \TU/LibertinusSerif(0)/m/n/10
.95 (\TU/Menlo(0)/m/n/10.95 AF_INET\TU/LibertinusSerif(0)/m/n/10.95 ): We are u
sing IPv4 addresses. IPv4 addresses look like
 []

[121] [122] [123] [124] [125]
LaTeX Font Info:    Font shape `TU/Menlo(0)/m/n' will be
(Font)              scaled to size 5.10004pt on input line 350.
 [126] [127] [128] [129] [130] [131] [132])
(./chapters/04-request-handling-paths.tex [133] [134]
Chapter 4.

Package fontspec Info: 
(fontspec)             FiraSans-Regular scale = 0.92.

[135

] [136] [137] [138] [139] [140] [141] [142]
Underfull \hbox (badness 1533) in paragraph at lines 435--436
[]\TU/LibertinusSerif(0)/m/n/10.95 If the URL contains something that does not 
match the converter — for example,
 []

[143] [144] [145] [146] [147] [148] [149] [150] [151] [152] [153] [154]
[155]) (./chapters/05-internal-request-execution.tex [156]
Chapter 5.

Package fontspec Info: 
(fontspec)             FiraSans-Regular scale = 0.92.

[157

] [158] [159] [160] [161] [162] [163] [164] [165] [166]
Underfull \hbox (badness 2326) in paragraph at lines 431--432
\TU/LibertinusSerif(0)/m/n/10.95 that value as the response and skips the handl
er entirely. The \TU/Menlo(0)/m/n/10.95 after_request \TU/LibertinusSerif(0)/m/
n/10.95 and
 []

[167] [168] [169]
Underfull \hbox (badness 7081) in paragraph at lines 572--573
[]\TU/LibertinusSerif(0)/m/n/10.95 The \TU/Menlo(0)/m/n/10.95 cursor \TU/Libert
inusSerif(0)/m/n/10.95 object returned contains metadata about the operation, i
ncluding
 []

[170] [171] [172] [173] [174] [175] [176] [177])
(./chapters/06-local-dependencies.tex [178]
Chapter 6.

Package fontspec Info: 
(fontspec)             FiraSans-Regular scale = 0.92.

[179

] [180] [181]
Underfull \hbox (badness 10000) in paragraph at lines 144--146
\TU/Menlo(0)/m/n/10.95 Python.framework/Versions/3.x/lib/python3.x/site-package
s/ \TU/LibertinusSerif(0)/m/n/10.95 or \TU/Menlo(0)/m/n/10.95 /opt/
 []


Underfull \hbox (badness 1292) in paragraph at lines 153--154
[]\TU/LibertinusSerif(0)/b/n/10 Note: \TU/LibertinusSerif(0)/m/n/10 On current 
Debian, Ubuntu (23.04 and later), and Homebrew installations, a plain
 []

[182] [183]
Underfull \hbox (badness 10000) in paragraph at lines 240--241
[]\TU/LibertinusSerif(0)/m/n/10.95 Packages installed with \TU/Menlo(0)/m/n/10.
95 pip \TU/LibertinusSerif(0)/m/n/10.95 go to \TU/Menlo(0)/m/n/10.95 ~/notes-ap
i/venv/lib/python3.11/site-
 []

[184] [185] [186] [187] [188]
Underfull \hbox (badness 5161) in paragraph at lines 460--462
[]\TU/LibertinusSerif(0)/b/n/10.95 Auto-increment integers \TU/LibertinusSerif(
0)/m/n/10.95 (\TU/Menlo(0)/m/n/10.95 AUTOINCREMENT\TU/LibertinusSerif(0)/m/n/10
.95 /\TU/Menlo(0)/m/n/10.95 SERIAL\TU/LibertinusSerif(0)/m/n/10.95 ): small, fa
st, naturally ordered,
 []

[189] [190] [191] [192] [193] [194] [195] [196] [197] [198] [199] [200]
[201]) [202] [203] [204

]

Package fontspec Info: 
(fontspec)             FiraSans-Regular scale = 0.92.


Package fontspec Info: 
(fontspec)             FiraSans-Regular scale = 0.92.


Package fontspec Info: 
(fontspec)             FiraSans-Regular scale = 0.92.

 [205] [206

] (./chapters/07-environment-drift.tex
Chapter 7.

Package fontspec Info: 
(fontspec)             FiraSans-Regular scale = 0.92.

[207

] [208] [209] [210] [211] [212] [213] [214] [215] [216] [217] [218]
[219] [220]) (./chapters/08-hidden-dependencies.tex [221] [222

]
Chapter 8.

Package fontspec Info: 
(fontspec)             FiraSans-Regular scale = 0.92.

[223] [224] [225] [226] [227] [228]
Underfull \hbox (badness 7133) in paragraph at lines 307--308
[]\TU/Menlo(0)/b/n/10.95 imagemagick\TU/LibertinusSerif(0)/m/n/10.95 : The \TU/
Menlo(0)/m/n/10.95 wand \TU/LibertinusSerif(0)/m/n/10.95 Python library binds t
o ImageMagick’s shared library
 []

[229] [230]
File: assets/emoji/1f375.png Graphic file (type bmp)
<assets/emoji/1f375.png>
File: assets/emoji/1f375.png Graphic file (type bmp)
<assets/emoji/1f375.png>
File: assets/emoji/1f375.png Graphic file (type bmp)
<assets/emoji/1f375.png>
File: assets/emoji/1f375.png Graphic file (type bmp)
<assets/emoji/1f375.png>
 [231] [232] [233] [234] [235])
(./chapters/09-configuration-coupling.tex [236]
Chapter 9.

Package fontspec Info: 
(fontspec)             FiraSans-Regular scale = 0.92.

[237

] [238] [239] [240]
Underfull \hbox (badness 3701) in paragraph at lines 204--205
\TU/LibertinusSerif(0)/m/n/10.95 All of these are environment-specific. In deve
lopment: \TU/Menlo(0)/m/n/10.95 localhost:5432\TU/LibertinusSerif(0)/m/n/10.95 
. In staging:
 []

[241] [242] [243] [244] [245] [246] [247] [248] [249] [250])
(./chapters/10-networking-limitations.tex [251] [252

]
Chapter 10.

Package fontspec Info: 
(fontspec)             FiraSans-Regular scale = 0.92.

[253]
Underfull \hbox (badness 4556) in paragraph at lines 76--77
[]\TU/LibertinusSerif(0)/m/n/10.95 From a colleague’s machine, there is no IP a
ddress to type that reaches your
 []


Underfull \hbox (badness 2856) in paragraph at lines 76--77
\TU/Menlo(0)/m/n/10.95 localhost:5000\TU/LibertinusSerif(0)/m/n/10.95 . They ca
nnot even attempt the connection, because \TU/Menlo(0)/m/n/10.95 127.0.0.1 \TU/
LibertinusSerif(0)/m/n/10.95 on
 []

[254] [255] [256]
Underfull \hbox (badness 10000) in paragraph at lines 198--200
[]\TU/LibertinusSerif(0)/m/n/10.95 That nameserver responds: “The IP address fo
r \TU/Menlo(0)/m/n/10.95 api.notes.example.com \TU/LibertinusSerif(0)/m/n/10.95
 is
 []

[257] [258] [259]
Underfull \hbox (badness 1406) in paragraph at lines 335--336
\TU/LibertinusSerif(0)/m/n/10.95 ways. First, it listens only where it must — t
he application on the loopback address
 []

[260] [261]
Underfull \hbox (badness 2573) in paragraph at lines 425--427
[]\TU/LibertinusSerif(0)/b/n/10.95 Break and fix. \TU/LibertinusSerif(0)/m/n/10
.95 Add \TU/Menlo(0)/m/n/10.95 127.0.0.1 example.com \TU/LibertinusSerif(0)/m/n
/10.95 to \TU/Menlo(0)/m/n/10.95 /etc/hosts \TU/LibertinusSerif(0)/m/n/10.95 an
d open \TU/Menlo(0)/m/n/10.95 http://
 []

) (./chapters/11-reliability-security-gaps.tex [262]
Chapter 11.

Package fontspec Info: 
(fontspec)             FiraSans-Regular scale = 0.92.

[263

]
Underfull \hbox (badness 4108) in paragraph at lines 58--59
\TU/LibertinusSerif(0)/m/n/10.95 If \TU/Menlo(0)/m/n/10.95 note_id \TU/Libertin
usSerif(0)/m/n/10.95 does not exist, \TU/Menlo(0)/m/n/10.95 row \TU/LibertinusS
erif(0)/m/n/10.95 is \TU/Menlo(0)/m/n/10.95 None\TU/LibertinusSerif(0)/m/n/10.9
5 , and \TU/Menlo(0)/m/n/10.95 None["content"] \TU/LibertinusSerif(0)/m/n/10.95
 raises \TU/Menlo(0)/m/n/10.95 TypeError:
 []


Underfull \hbox (badness 3449) in paragraph at lines 58--59
[]\TU/Menlo(0)/m/n/10.95 NoneType[] object is not subscriptable\TU/LibertinusSe
rif(0)/m/n/10.95 . Flask catches it: the client gets a 500
 []

[264] [265] [266] [267] [268] [269] [270] [271] [272] [273]) [274]

Package fontspec Info: 
(fontspec)             FiraSans-Regular scale = 0.92.


Package fontspec Info: 
(fontspec)             FiraSans-Regular scale = 0.92.


Package fontspec Info: 
(fontspec)             FiraSans-Regular scale = 0.92.

 [275

]
[276

] (./chapters/12-dependency-declaration.tex
Chapter 12.

Package fontspec Info: 
(fontspec)             FiraSans-Regular scale = 0.92.

[277

] [278] [279] [280] [281] [282] [283] [284] [285]
Underfull \hbox (badness 10000) in paragraph at lines 483--484
[]\TU/LibertinusSerif(0)/m/n/10.95 For a simple application (as opposed to a li
brary meant to be distributed),
 []


Underfull \hbox (badness 1264) in paragraph at lines 483--484
\TU/Menlo(0)/m/n/10.95 requirements.txt \TU/LibertinusSerif(0)/m/n/10.95 remain
s the most common and straightforward choice. But under-
 []

[286] [287] [288]) (./chapters/13-configuration-externalization.tex [289]
[290

]
Chapter 13.

Package fontspec Info: 
(fontspec)             FiraSans-Regular scale = 0.92.

[291] [292] [293] [294] [295] [296] [297] [298] [299] [300] [301] [302]
[303] [304] [305] [306] [307] [308]
LaTeX Font Info:    Font shape `TU/Menlo(0)/m/n' will be
(Font)              scaled to size 6.54504pt on input line 771.
 [309]) (./chapters/14-runtime-contract.tex
[310]
Chapter 14.

Package fontspec Info: 
(fontspec)             FiraSans-Regular scale = 0.92.

[311

] [312] [313] [314] [315] [316] [317] [318] [319] [320] [321] [322]
Underfull \hbox (badness 10000) in paragraph at lines 595--597
[]\TU/LibertinusSerif(0)/b/n/10.95 Predict. \TU/LibertinusSerif(0)/m/n/10.95 Ru
n the application with a Python version older than the one in
 []

[323]) (./chapters/15-structuring-the-application.tex [324]
Chapter 15.

Package fontspec Info: 
(fontspec)             FiraSans-Regular scale = 0.92.

[325

] [326] [327] [328] [329] [330]
Underfull \hbox (badness 1490) in paragraph at lines 209--210
[]\TU/LibertinusSerif(0)/m/n/10.95 A \TU/LibertinusSerif(0)/b/n/10.95 package \
TU/LibertinusSerif(0)/m/n/10.95 is a directory of modules. A directory containi
ng a special file called
 []

[331] [332] [333] [334] [335] [336] [337] [338] [339] [340] [341] [342]
[343] [344] [345] [346] [347]
Underfull \hbox (badness 10000) in paragraph at lines 966--967
[]\TU/LibertinusSerif(0)/m/n/10.95 Notice that \TU/Menlo(0)/m/n/10.95 from app.
routes.health import health_bp \TU/LibertinusSerif(0)/m/n/10.95 appears \TU/Lib
ertinusSerif(0)/m/it/10.95 inside
 []

[348]
Underfull \hbox (badness 1221) in paragraph at lines 968--969
[]\TU/LibertinusSerif(0)/m/n/10.95 This is the general solution to circular imp
orts in Flask applications. \TU/Menlo(0)/m/n/10.95 app/routes/
 []

[349] [350] [351]
Underfull \hbox (badness 2142) in paragraph at lines 1109--1110
[]\TU/LibertinusSerif(0)/m/n/10.95 When a production server starts the applicat
ion instead (\TU/Menlo(0)/m/n/10.95 gunicorn "app:create_
 []

[352] [353] [354] [355] [356] [357]) (./chapters/16-logging-error-handling.tex
[358]
Chapter 16.

Package fontspec Info: 
(fontspec)             FiraSans-Regular scale = 0.92.

[359

] [360] [361] [362] [363] [364] [365] [366] [367] [368] [369] [370]
[371] [372] [373] [374] [375] [376] [377]
Underfull \hbox (badness 7238) in paragraph at lines 838--839
[]\TU/LibertinusSerif(0)/m/n/10.95 Step back and notice the shape of what you j
ust built. The per-status han-
 []


Underfull \hbox (badness 1888) in paragraph at lines 838--839
\TU/LibertinusSerif(0)/m/n/10.95 dlers (\TU/Menlo(0)/m/n/10.95 404\TU/Libertinu
sSerif(0)/m/n/10.95 , \TU/Menlo(0)/m/n/10.95 405\TU/LibertinusSerif(0)/m/n/10.9
5 , \TU/Menlo(0)/m/n/10.95 429\TU/LibertinusSerif(0)/m/n/10.95 ) report the \TU
/LibertinusSerif(0)/m/it/10.95 expected \TU/LibertinusSerif(0)/m/n/10.95 errors
 cleanly. The two catch-alls — \TU/Menlo(0)/m/n/10.95 @app.
 []


Underfull \hbox (badness 1205) in paragraph at lines 838--839
\TU/Menlo(0)/m/n/10.95 errorhandler(HTTPException) \TU/LibertinusSerif(0)/m/n/1
0.95 and \TU/Menlo(0)/m/n/10.95 @app.errorhandler(Exception) \TU/LibertinusSeri
f(0)/m/n/10.95 — are the \TU/LibertinusSerif(0)/b/n/10.95 han-
 []

[378] [379] [380] [381] [382] [383] [384] [385] [386] [387] [388] [389]
[390] [391] [392] [393]) [394]

Package fontspec Info: 
(fontspec)             FiraSans-Regular scale = 0.92.


Package fontspec Info: 
(fontspec)             FiraSans-Regular scale = 0.92.


Package fontspec Info: 
(fontspec)             FiraSans-Regular scale = 0.92.

 [395

] [396

] (./chapters/17-build-process.tex
Chapter 17.

Package fontspec Info: 
(fontspec)             FiraSans-Regular scale = 0.92.

[397

] [398] [399] [400] [401] [402] [403] [404] [405] [406] [407] [408]
[409] [410]
Underfull \hbox (badness 1005) in paragraph at lines 671--672
\TU/LibertinusSerif(0)/m/n/10.95 Notice that the second test gets a 500 \TU/Lib
ertinusSerif(0)/m/it/10.95 response \TU/LibertinusSerif(0)/m/n/10.95 even thoug
h \TU/Menlo(0)/m/n/10.95 TESTING \TU/LibertinusSerif(0)/m/n/10.95 is on. \TU/Me
nlo(0)/m/n/10.95 TESTING
 []


Underfull \hbox (badness 8189) in paragraph at lines 671--672
\TU/LibertinusSerif(0)/m/n/10.95 only re-raises exceptions that no error handle
r catches, and the catch-all \TU/Menlo(0)/m/n/10.95 @app.
 []

[411] [412] [413] [414] [415] [416] [417]
LaTeX Font Info:    Font shape `TU/Menlo(0)/m/n' will be
(Font)              scaled to size 7.22505pt on input line 1049.
File: assets/emoji/2728.png Graphic file (type bmp)
<assets/emoji/2728.png>
File: assets/emoji/1f370.png Graphic file (type bmp)
<assets/emoji/1f370.png>
File: assets/emoji/2728.png Graphic file (type bmp)
<assets/emoji/2728.png>
 [418] [419] [420] [421] [422]
[423] [424] [425] [426] [427] [428] [429] [430] [431] [432] [433] [434]
[435] [436] [437]
File: assets/emoji/274c.png Graphic file (type bmp)
<assets/emoji/274c.png>
File: assets/emoji/2705.png Graphic file (type bmp)
<assets/emoji/2705.png>
 [438]
LaTeX Font Info:    Font shape `TU/Menlo(0)/m/it' will be
(Font)              scaled to size 9.30756pt on input line 1960.
 [439] [440]
Underfull \hbox (badness 1092) in paragraph at lines 2050--2052
[]\TU/LibertinusSerif(0)/b/n/10.95 Break and fix. \TU/LibertinusSerif(0)/m/n/10
.95 Make one test depend on another by removing \TU/Menlo(0)/m/n/10.95 clean_da
tabase\TU/LibertinusSerif(0)/m/n/10.95 ’s
 []


Underfull \hbox (badness 3428) in paragraph at lines 2050--2052
\TU/Menlo(0)/m/n/10.95 autouse=True\TU/LibertinusSerif(0)/m/n/10.95 . Install \
TU/Menlo(0)/m/n/10.95 pytest-randomly \TU/LibertinusSerif(0)/m/n/10.95 (\TU/Men
lo(0)/m/n/10.95 pip install pytest-randomly\TU/LibertinusSerif(0)/m/n/10.95 ), 
which
 []


Underfull \hbox (badness 2229) in paragraph at lines 2050--2052
\TU/Menlo(0)/m/n/10.95 -p no:randomly \TU/LibertinusSerif(0)/m/n/10.95 turns th
e shuffling off again. Explain the flakiness, then restore
 []

[441]) (./chapters/18-containerization.tex [442]
Chapter 18.

Package fontspec Info: 
(fontspec)             FiraSans-Regular scale = 0.92.

[443

] [444] [445] [446] [447] [448] [449] [450] [451] [452] [453] [454]
[455]
Underfull \hbox (badness 1371) in paragraph at lines 673--674
[]\TU/LibertinusSerif(0)/m/n/10.95 Inside the container, Gunicorn binds to \TU/
Menlo(0)/m/n/10.95 0.0.0.0:5000 \TU/LibertinusSerif(0)/m/n/10.95 (all interface
s). The \TU/Menlo(0)/m/n/10.95 --bind
 []

[456] [457] [458] [459] [460] [461] [462] [463] [464] [465])
(./chapters/19-artifact-storage.tex [466]
Chapter 19.

Package fontspec Info: 
(fontspec)             FiraSans-Regular scale = 0.92.

[467

] [468]
Underfull \hbox (badness 1546) in paragraph at lines 86--87
[]\TU/LibertinusSerif(0)/m/n/10.95 When you push \TU/Menlo(0)/m/n/10.95 notes-a
pi:sha-a1b2c3d \TU/LibertinusSerif(0)/m/n/10.95 and then push \TU/Menlo(0)/m/n/
10.95 notes-api:sha-b2c3d4e
 []

[469] [470] [471] [472] [473] [474] [475] [476] [477] [478] [479] [480]
[481] [482]) [483] [484

]

Package fontspec Info: 
(fontspec)             FiraSans-Regular scale = 0.92.


Package fontspec Info: 
(fontspec)             FiraSans-Regular scale = 0.92.


Package fontspec Info: 
(fontspec)             FiraSans-Regular scale = 0.92.

 [485] [486

] (./chapters/20-server-fundamentals.tex
Chapter 20.

Package fontspec Info: 
(fontspec)             FiraSans-Regular scale = 0.92.

[487

] [488] [489] [490] [491] [492] [493] [494] [495] [496]
Underfull \hbox (badness 1237) in paragraph at lines 522--523
[]\TU/LibertinusSerif(0)/m/n/10.95 For small-to-medium applications, managed co
ntainer platforms can be significantly
 []

[497] [498] [499] [500]) (./chapters/21-system-setup.tex [501] [502

]
Chapter 21.

Package fontspec Info: 
(fontspec)             FiraSans-Regular scale = 0.92.

[503]
Underfull \hbox (badness 10000) in paragraph at lines 50--51
[]\TU/LibertinusSerif(0)/b/n/10.95 Public key \TU/LibertinusSerif(0)/m/n/10.95 
(\TU/Menlo(0)/m/n/10.95 ~/.ssh/id_ed25519.pub\TU/LibertinusSerif(0)/m/n/10.95 )
: placed on the server in \TU/Menlo(0)/m/n/10.95 ~/.ssh/
 []

[504] [505] [506]
Underfull \hbox (badness 1448) in paragraph at lines 268--269
\TU/LibertinusSerif(0)/m/n/10.95 The default SSH configuration has several inse
cure settings. Harden it — but not by
 []

[507] [508] [509] [510] [511] [512] [513] [514] [515] [516] [517] [518]
[519] [520] [521] [522] [523] [524] [525])
(./chapters/22-network-configuration.tex [526]
Chapter 22.

Package fontspec Info: 
(fontspec)             FiraSans-Regular scale = 0.92.


Underfull \hbox (badness 1342) in paragraph at lines 14--16
[]\TU/LibertinusSerif(0)/b/n/10.95 Cloud-level networking\TU/LibertinusSerif(0)
/m/n/10.95 : the virtual network infrastructure managed by the cloud
 []

[527

] [528] [529] [530] [531] [532] [533] [534] [535] [536] [537]) [538]

Package fontspec Info: 
(fontspec)             FiraSans-Regular scale = 0.92.


Package fontspec Info: 
(fontspec)             FiraSans-Regular scale = 0.92.


Package fontspec Info: 
(fontspec)             FiraSans-Regular scale = 0.92.


[539

] [540

] (./chapters/23-code-transfer.tex
Chapter 23.

Package fontspec Info: 
(fontspec)             FiraSans-Regular scale = 0.92.

[541

] [542] [543] [544] [545] [546] [547] [548] [549]
Underfull \hbox (badness 3942) in paragraph at lines 463--464
\TU/LibertinusSerif(0)/m/n/10.95 And the file \TU/Menlo(0)/m/n/10.95 /etc/nginx
/conf.d/notes-api-upstream.conf \TU/LibertinusSerif(0)/m/n/10.95 is the \TU/Lib
ertinusSerif(0)/b/n/10.95 only \TU/LibertinusSerif(0)/m/n/10.95 place the
 []

[550] [551] [552] [553]
Underfull \hbox (badness 2111) in paragraph at lines 619--620
\TU/LibertinusSerif(0)/m/n/10.95 This job runs \TU/Menlo(0)/m/n/10.95 deploy.sh
 \TU/LibertinusSerif(0)/m/n/10.95 (Listing 23.1). To deploy with zero downtime 
instead, call
 []

[554] [555]) (./chapters/24-process-startup.tex [556]
Chapter 24.

Package fontspec Info: 
(fontspec)             FiraSans-Regular scale = 0.92.

[557

] [558] [559] [560] [561]
Underfull \hbox (badness 3049) in paragraph at lines 203--204
[]\TU/LibertinusSerif(0)/m/n/10.95 Alternatively: \TU/Menlo(0)/m/n/10.95 "run:a
pp" \TU/LibertinusSerif(0)/m/n/10.95 — import \TU/Menlo(0)/m/n/10.95 run.py \TU
/LibertinusSerif(0)/m/n/10.95 and use the \TU/Menlo(0)/m/n/10.95 app \TU/Libert
inusSerif(0)/m/n/10.95 variable there. The
 []

[562] [563] [564] [565] [566] [567] [568] [569] [570] [571] [572] [573]
[574] [575]) (./chapters/25-process-management.tex [576]
Chapter 25.

Package fontspec Info: 
(fontspec)             FiraSans-Regular scale = 0.92.

[577

] [578]
Underfull \hbox (badness 6808) in paragraph at lines 129--131
[]\TU/Menlo(0)/m/n/10.95 /lib/systemd/system/ \TU/LibertinusSerif(0)/m/n/10.95 
(the same directory as \TU/Menlo(0)/m/n/10.95 /usr/lib/systemd/system/ \TU/Libe
rtinusSerif(0)/m/n/10.95 on
 []

[579] [580] [581]
LaTeX Font Info:    Font shape `TU/Menlo(0)/m/n' will be
(Font)              scaled to size 5.69504pt on input line 303.

Underfull \hbox (badness 10000) in paragraph at lines 323--324
\TU/LibertinusSerif(0)/m/n/10.95 (With the restart-policy setup, \TU/Menlo(0)/m
/n/10.95 docker ps --filter name=notes-api \TU/LibertinusSerif(0)/m/n/10.95 and
 \TU/Menlo(0)/m/n/10.95 docker
 []

[582] [583] [584] [585] [586] [587] [588] [589] [590] [591] [592] [593]
[594]) [595] [596

]

Package fontspec Info: 
(fontspec)             FiraSans-Regular scale = 0.92.


Package fontspec Info: 
(fontspec)             FiraSans-Regular scale = 0.92.


Package fontspec Info: 
(fontspec)             FiraSans-Regular scale = 0.92.

 [597] [598

] (./chapters/26-network-stack-flow.tex
Chapter 26.

Package fontspec Info: 
(fontspec)             FiraSans-Regular scale = 0.92.

[599

] [600] [601] [602] [603] [604] [605] [606] [607] [608] [609])
(./chapters/27-domain-and-dns.tex [610]
Chapter 27.

Package fontspec Info: 
(fontspec)             FiraSans-Regular scale = 0.92.

[611

] [612] [613] [614] [615]
Underfull \hbox (badness 10000) in paragraph at lines 270--272
[]\TU/LibertinusSerif(0)/m/n/10.95 Cloudflare assigns your account a pair of na
meservers, with names like
 []

[616] [617] [618] [619] [620] [621]) (./chapters/28-traffic-routing.tex
[622]
Chapter 28.

Package fontspec Info: 
(fontspec)             FiraSans-Regular scale = 0.92.

[623

] [624] [625] [626] [627] [628] [629] [630] [631] [632] [633] [634]
[635] [636]
Underfull \hbox (badness 10000) in paragraph at lines 707--709
[]\TU/LibertinusSerif(0)/b/n/10.95 Break and fix. \TU/LibertinusSerif(0)/m/n/10
.95 Remove \TU/Menlo(0)/m/n/10.95 proxy_set_header X-Forwarded-Proto $scheme; \
TU/LibertinusSerif(0)/m/n/10.95 and
 []


Underfull \hbox (badness 1048) in paragraph at lines 707--709
\TU/Menlo(0)/m/n/10.95 ProxyFix\TU/LibertinusSerif(0)/m/n/10.95 . What does Fla
sk now get wrong about each request? Find one URL it
 []

) [637] [638

]

Package fontspec Info: 
(fontspec)             FiraSans-Regular scale = 0.92.


Package fontspec Info: 
(fontspec)             FiraSans-Regular scale = 0.92.


Package fontspec Info: 
(fontspec)             FiraSans-Regular scale = 0.92.

 [639] [640

] (./chapters/29-client-server-journey.tex
Chapter 29.

Package fontspec Info: 
(fontspec)             FiraSans-Regular scale = 0.92.

[641

] [642] [643]
Underfull \hbox (badness 2302) in paragraph at lines 157--159
[]\TU/LibertinusSerif(0)/m/n/10.95 Certificate expired → \TU/Menlo(0)/m/n/10.95
 curl: (60) SSL certificate problem: certificate has
 []

[644] [645] [646] [647] [648] [649] [650]
Underfull \hbox (badness 7379) in paragraph at lines 534--536
[]\TU/LibertinusSerif(0)/b/n/10.95 Predict. \TU/LibertinusSerif(0)/m/n/10.95 Ti
me a request with \TU/Menlo(0)/m/n/10.95 curl -w "%{time_namelookup} %{time_con
nect}
 []


Underfull \hbox (badness 10000) in paragraph at lines 534--536
\TU/Menlo(0)/m/n/10.95 %{time_appconnect} %{time_starttransfer} %{time_total}\n
" -o /dev/null
 []

[651]) (./chapters/30-kernel-application-handoff.tex [652]
Chapter 30.

Package fontspec Info: 
(fontspec)             FiraSans-Regular scale = 0.92.

[653

] [654] [655] [656] [657] [658] [659] [660] [661] [662]
Underfull \hbox (badness 10000) in paragraph at lines 523--525
[]\TU/LibertinusSerif(0)/b/n/10.95 Predict. \TU/LibertinusSerif(0)/m/n/10.95 Ru
n \TU/Menlo(0)/m/n/10.95 strace -f -e trace=accept4,recvfrom,sendto -p <gunicor
n
 []

) [663] [664

]

Package fontspec Info: 
(fontspec)             FiraSans-Regular scale = 0.92.


Package fontspec Info: 
(fontspec)             FiraSans-Regular scale = 0.92.


Package fontspec Info: 
(fontspec)             FiraSans-Regular scale = 0.92.

 [665] [666

] (./chapters/31-input-handling.tex
Chapter 31.

Package fontspec Info: 
(fontspec)             FiraSans-Regular scale = 0.92.

[667

] [668] [669] [670] [671] [672] [673] [674] [675] [676] [677] [678]
[679]
LaTeX Font Info:    Font shape `TU/HiraginoSansGB(0)/m/n' will be
(Font)              scaled to size 7.65005pt on input line 759.
Package microtype Info: Loading generic protrusion settings for font family
(microtype)             `HiraginoSansGB' (encoding: TU).
(microtype)             For optimal results, create family-specific settings.
(microtype)             See the microtype manual for details.
Package microtype Info: Character `\AE ' is missing
(microtype)             in font `\TU/HiraginoSansGB(0)/m/n/9'.
(microtype)             Ignoring protrusion settings for this character.
Package microtype Info: Character `\quotesinglbase ' is missing
(microtype)             in font `\TU/HiraginoSansGB(0)/m/n/9'.
(microtype)             Ignoring protrusion settings for this character.
Package microtype Info: Character `\quotedblbase ' is missing
(microtype)             in font `\TU/HiraginoSansGB(0)/m/n/9'.
(microtype)             Ignoring protrusion settings for this character.
Package microtype Info: Character `\guilsinglleft ' is missing
(microtype)             in font `\TU/HiraginoSansGB(0)/m/n/9'.
(microtype)             Ignoring protrusion settings for this character.
Package microtype Info: Character `\guilsinglright ' is missing
(microtype)             in font `\TU/HiraginoSansGB(0)/m/n/9'.
(microtype)             Ignoring protrusion settings for this character.
Package microtype Info: Character `\guillemotleft ' is missing
(microtype)             in font `\TU/HiraginoSansGB(0)/m/n/9'.
(microtype)             Ignoring protrusion settings for this character.
Package microtype Info: Character `\guillemotright ' is missing
(microtype)             in font `\TU/HiraginoSansGB(0)/m/n/9'.
(microtype)             Ignoring protrusion settings for this character.
Package microtype Info: Character `\textexclamdown ' is missing
(microtype)             in font `\TU/HiraginoSansGB(0)/m/n/9'.
(microtype)             Ignoring protrusion settings for this character.
Package microtype Info: Character `\textquestiondown ' is missing
(microtype)             in font `\TU/HiraginoSansGB(0)/m/n/9'.
(microtype)             Ignoring protrusion settings for this character.
File: assets/emoji/1f389.png Graphic file (type bmp)
<assets/emoji/1f389.png>
File: assets/emoji/1f389.png Graphic file (type bmp)
<assets/emoji/1f389.png>
File: assets/emoji/1f389.png Graphic file (type bmp)
<assets/emoji/1f389.png>
File: assets/emoji/1f389.png Graphic file (type bmp)
<assets/emoji/1f389.png>
 [680] [681] [682]
Underfull \hbox (badness 5970) in paragraph at lines 820--822
[]\TU/LibertinusSerif(0)/b/n/10.95 Predict. \TU/LibertinusSerif(0)/m/n/10.95 Se
nd \TU/Menlo(0)/m/n/10.95 {"content": "x", "content": "y"} \TU/LibertinusSerif(
0)/m/n/10.95 (a duplicated key) to \TU/Menlo(0)/m/n/10.95 POST
 []

) (./chapters/32-routing.tex [683] [684

]
Chapter 32.

Package fontspec Info: 
(fontspec)             FiraSans-Regular scale = 0.92.

[685] [686] [687]
Underfull \hbox (badness 2735) in paragraph at lines 171--172
\TU/LibertinusSerif(0)/m/n/10.95 When a request arrives, Flask uses \TU/Menlo(0
)/m/n/10.95 url_map \TU/LibertinusSerif(0)/m/n/10.95 to find the endpoint name,
 then uses
 []

[688] [689] [690] [691] [692] [693] [694] [695] [696] [697] [698] [699]
Underfull \hbox (badness 3690) in paragraph at lines 855--856
\TU/Menlo(0)/m/n/10.95 view_args \TU/LibertinusSerif(0)/m/n/10.95 contains the 
extracted URL variables. For \TU/Menlo(0)/m/n/10.95 GET /notes/42\TU/Libertinus
Serif(0)/m/n/10.95 , \TU/Menlo(0)/m/n/10.95 view_args =
 []

[700] [701]) (./chapters/33-logic-execution.tex [702]
Chapter 33.

Package fontspec Info: 
(fontspec)             FiraSans-Regular scale = 0.92.

[703

] [704] [705] [706] [707] [708] [709] [710] [711]
Underfull \hbox (badness 2608) in paragraph at lines 486--487
\TU/LibertinusSerif(0)/m/n/10.95 Without \TU/Menlo(0)/m/n/10.95 RETURNING\TU/Li
bertinusSerif(0)/m/n/10.95 , you would need two queries: the INSERT followed by
 \TU/Menlo(0)/m/n/10.95 SELECT
 []

[712] [713] [714] [715] [716] [717] [718]
Underfull \hbox (badness 4954) in paragraph at lines 871--872
\TU/LibertinusSerif(0)/m/n/10.95 Add the column to the \TU/Menlo(0)/m/n/10.95 C
REATE TABLE \TU/LibertinusSerif(0)/m/n/10.95 statements in \TU/Menlo(0)/m/n/10.
95 init_db() \TU/LibertinusSerif(0)/m/n/10.95 too (\TU/Menlo(0)/m/n/10.95 updat
ed_at
 []


Underfull \hbox (badness 10000) in paragraph at lines 871--872
\TU/Menlo(0)/m/n/10.95 TIMESTAMPTZ \TU/LibertinusSerif(0)/m/n/10.95 for Postgre
SQL, \TU/Menlo(0)/m/n/10.95 updated_at TIMESTAMP \TU/LibertinusSerif(0)/m/n/10.
95 for SQLite), so that new
 []

[719] [720] [721]
Underfull \hbox (badness 2277) in paragraph at lines 993--994
\TU/LibertinusSerif(0)/m/n/10.95 Tools that do exactly this exist for every sta
ck: Alembic (for SQLAlchemy), Flyway
 []


Underfull \hbox (badness 1127) in paragraph at lines 993--994
\TU/LibertinusSerif(0)/m/n/10.95 and Liquibase (any SQL database), the migratio
n systems built into Django and Rails,
 []

[722] [723] [724] [725] [726] [727] [728]
Underfull \hbox (badness 2846) in paragraph at lines 1316--1317
[]\TU/LibertinusSerif(0)/b/n/10.95 SQLite needs one statement at a time. \TU/Li
bertinusSerif(0)/m/n/10.95 psycopg2 happily runs a whole file in
 []


Underfull \hbox (badness 1748) in paragraph at lines 1316--1317
\TU/LibertinusSerif(0)/m/n/10.95 one \TU/Menlo(0)/m/n/10.95 execute()\TU/Libert
inusSerif(0)/m/n/10.95 , but Python’s \TU/Menlo(0)/m/n/10.95 sqlite3 \TU/Libert
inusSerif(0)/m/n/10.95 refuses more than one statement per call.
 []

[729] [730] [731] [732] [733]
Underfull \hbox (badness 10000) in paragraph at lines 1505--1506
\TU/LibertinusSerif(0)/m/n/10.95 (The SQLite version differs only in its first 
column: \TU/Menlo(0)/m/n/10.95 id INTEGER PRIMARY KEY
 []

[734] [735] [736] [737] [738]
Underfull \hbox (badness 3989) in paragraph at lines 1735--1736
\TU/LibertinusSerif(0)/m/n/10.95 (\TU/Menlo(0)/m/n/10.95 create_app() \TU/Liber
tinusSerif(0)/m/n/10.95 registers the new blueprint next to the other two: \TU/
Menlo(0)/m/n/10.95 app.register_
 []

[739] [740] [741] [742] [743] [744] [745] [746] [747] [748] [749] [750]
[751]
Underfull \hbox (badness 1635) in paragraph at lines 2273--2274
\TU/LibertinusSerif(0)/m/n/10.95 The constraints of section 33.11 add a new kin
d of database error: \TU/Menlo(0)/m/n/10.95 IntegrityError
 []


Underfull \hbox (badness 10000) in paragraph at lines 2273--2274
\TU/LibertinusSerif(0)/m/n/10.95 (in psycopg2, subclasses such as \TU/Menlo(0)/
m/n/10.95 psycopg2.errors.UniqueViolation \TU/LibertinusSerif(0)/m/n/10.95 and
 []

[752] [753] [754] [755] [756] [757]) (./chapters/34-response-handling.tex
[758]
Chapter 34.

Package fontspec Info: 
(fontspec)             FiraSans-Regular scale = 0.92.

[759

] [760] [761] [762] [763] [764] [765] [766] [767]
Underfull \hbox (badness 1122) in paragraph at lines 613--614
\TU/LibertinusSerif(0)/m/n/10.95 The Notes API does this in one place: \TU/Menl
o(0)/m/n/10.95 row_to_note() \TU/LibertinusSerif(0)/m/n/10.95 in \TU/Menlo(0)/m
/n/10.95 app/database.py\TU/LibertinusSerif(0)/m/n/10.95 , through
 []

[768] [769]
Underfull \hbox (badness 10000) in paragraph at lines 708--709
[]\TU/LibertinusSerif(0)/b/n/10.95 Without timezone \TU/LibertinusSerif(0)/m/n/
10.95 (TIMESTAMP): stored as-is, no UTC conversion —
 []

[770] [771] [772] [773] [774] [775] [776] [777] [778] [779] [780]
Underfull \hbox (badness 1742) in paragraph at lines 1193--1194
[]\TU/LibertinusSerif(0)/m/n/10.95 Within REST, design URLs that age well: name
 \TU/LibertinusSerif(0)/b/n/10.95 resources (nouns), not actions \TU/Libertinus
Serif(0)/m/n/10.95 —
 []

[781] [782] [783] [784]
Underfull \hbox (badness 3536) in paragraph at lines 1352--1353
[]\TU/LibertinusSerif(0)/b/n/10.95 1. The file itself must be valid OpenAPI. \T
U/Menlo(0)/m/n/10.95 openapi-spec-validator \TU/LibertinusSerif(0)/m/n/10.95 (a
dd it to
 []


Underfull \hbox (badness 1721) in paragraph at lines 1352--1353
\TU/Menlo(0)/m/n/10.95 requirements-dev.txt\TU/LibertinusSerif(0)/m/n/10.95 , w
ith \TU/Menlo(0)/m/n/10.95 PyYAML \TU/LibertinusSerif(0)/m/n/10.95 for the test
 below) checks the file against the
 []

[785] [786] [787]) [788]

Package fontspec Info: 
(fontspec)             FiraSans-Regular scale = 0.92.


Package fontspec Info: 
(fontspec)             FiraSans-Regular scale = 0.92.


Package fontspec Info: 
(fontspec)             FiraSans-Regular scale = 0.92.

 [789

] [790

] (./chapters/35-observability.tex
Chapter 35.

Package fontspec Info: 
(fontspec)             FiraSans-Regular scale = 0.92.

[791

] [792] [793] [794] [795] [796] [797] [798] [799] [800]
Underfull \hbox (badness 10000) in paragraph at lines 498--499
\TU/Menlo(0)/m/n/10.95 PROMETHEUS_MULTIPROC_DIR \TU/LibertinusSerif(0)/m/n/10.9
5 is read in \TU/Menlo(0)/m/n/10.95 app/config.py\TU/LibertinusSerif(0)/m/n/10.
95 , like every other setting:
 []


Underfull \hbox (badness 10000) in paragraph at lines 498--499
\TU/Menlo(0)/m/n/10.95 PROMETHEUS_MULTIPROC_DIR: str = os.getenv("PROMETHEUS_MU
LTIPROC_DIR", "")\TU/LibertinusSerif(0)/m/n/10.95 .
 []


Underfull \hbox (badness 10000) in paragraph at lines 498--499
\TU/Menlo(0)/m/n/10.95 env PROMETHEUS_MULTIPROC_DIR or env prometheus_multiproc
_dir must be set
 []

[801] [802] [803] [804] [805] [806] [807] [808] [809] [810] [811])
(./chapters/36-scaling-load.tex [812]
Chapter 36.

Package fontspec Info: 
(fontspec)             FiraSans-Regular scale = 0.92.

[813

] [814] [815] [816] [817] [818] [819] [820]
Package microtype Info: Loading generic protrusion settings for font family
(microtype)             `DejaVuSans.ttf' (encoding: TU).
(microtype)             For optimal results, create family-specific settings.
(microtype)             See the microtype manual for details.
 [821] [822] [823] [824]
[825] [826] [827] [828] [829] [830] [831] [832] [833] [834] [835] [836])
(./chapters/37-reliability.tex [837] [838

]
Chapter 37.

Package fontspec Info: 
(fontspec)             FiraSans-Regular scale = 0.92.

[839] [840]
Underfull \hbox (badness 5161) in paragraph at lines 157--159
[]\TU/LibertinusSerif(0)/m/n/10.95 Detection: \TU/Menlo(0)/m/n/10.95 docker ps 
\TU/LibertinusSerif(0)/m/n/10.95 shows the container status as “Restarting”; \T
U/Menlo(0)/m/n/10.95 docker logs
 []

[841] [842] [843] [844]
Underfull \hbox (badness 1577) in paragraph at lines 361--362
\TU/LibertinusSerif(0)/m/n/10.95 Two practical traps. \TU/Menlo(0)/m/n/10.95 pg
_dump \TU/LibertinusSerif(0)/m/n/10.95 must be at least as new as the server: U
buntu 22.04’s
 []

[845] [846] [847] [848] [849] [850] [851] [852] [853]
Underfull \hbox (badness 1033) in paragraph at lines 715--716
[]\TU/LibertinusSerif(0)/m/n/10.95 That is why the module has \TU/LibertinusSer
if(0)/m/it/10.95 three \TU/LibertinusSerif(0)/m/n/10.95 failure types, each mea
ning something different:
 []

[854]
Underfull \hbox (badness 10000) in paragraph at lines 749--750
\TU/LibertinusSerif(0)/m/n/10.95 The module retries a failed attempt once, and 
only when the failure is
 []

[855] [856] [857] [858] [859] [860] [861] [862] [863] [864] [865] [866]
[867] [868] [869] [870] [871]) (./chapters/38-security.tex [872]
Chapter 38.

Package fontspec Info: 
(fontspec)             FiraSans-Regular scale = 0.92.

[873

] [874]
Underfull \hbox (badness 10000) in paragraph at lines 110--111
[]\TU/LibertinusSerif(0)/b/n/10.95 Authentication\TU/LibertinusSerif(0)/m/n/10.
95 : the TLS certificate proves that the server is the genuine
 []

[875] [876]
Underfull \hbox (badness 10000) in paragraph at lines 221--223
[]\TU/Menlo(0)/b/n/10.95 users.email \TU/LibertinusSerif(0)/b/n/10.95 is \TU/Me
nlo(0)/b/n/10.95 UNIQUE \TU/LibertinusSerif(0)/b/n/10.95 and must be lower case
. \TU/Menlo(0)/m/n/10.95 Ana@Example.com \TU/LibertinusSerif(0)/m/n/10.95 and
 []


Underfull \hbox (badness 1762) in paragraph at lines 221--223
\TU/Menlo(0)/m/n/10.95 ana@example.com \TU/LibertinusSerif(0)/m/n/10.95 are one
 person, so the application lower-cases emails, and the
 []

[877] [878] [879] [880] [881] [882] [883]
Underfull \hbox (badness 2922) in paragraph at lines 528--529
\TU/LibertinusSerif(0)/m/n/10.95 (\TU/Menlo(0)/m/n/10.95 create_app() \TU/Liber
tinusSerif(0)/m/n/10.95 registers \TU/Menlo(0)/m/n/10.95 auth_bp \TU/Libertinus
Serif(0)/m/n/10.95 like the other blueprints. The email check is the
 []

[884] [885] [886] [887]
Underfull \hbox (badness 10000) in paragraph at lines 699--700
\TU/LibertinusSerif(0)/m/n/10.95 (\TU/Menlo(0)/m/n/10.95 from flask.testing imp
ort FlaskClient \TU/LibertinusSerif(0)/m/n/10.95 joins the imports at the top, 
and
 []


Underfull \hbox (badness 2913) in paragraph at lines 699--700
\TU/Menlo(0)/m/n/10.95 clean_database \TU/LibertinusSerif(0)/m/n/10.95 now also
 runs \TU/Menlo(0)/m/n/10.95 DELETE FROM users\TU/LibertinusSerif(0)/m/n/10.95 
, whose sessions go with them
 []

[888] [889] [890]
Underfull \hbox (badness 4505) in paragraph at lines 796--798
\TU/Menlo(0)/m/n/10.95 user["role"] != "admin": return 404 \TU/LibertinusSerif(
0)/m/n/10.95 for administrative endpoints. Keep role
 []

[891] [892] [893] [894] [895] [896] [897] [898]
Underfull \hbox (badness 1259) in paragraph at lines 1308--1309
[]\TU/LibertinusSerif(0)/m/n/10.95 A blocklist of hostnames is not enough: \TU/
Menlo(0)/m/n/10.95 http://127.1/\TU/LibertinusSerif(0)/m/n/10.95 , \TU/Menlo(0)
/m/n/10.95 http://[::1]/\TU/LibertinusSerif(0)/m/n/10.95 , \TU/Menlo(0)/m/n/10.
95 http://
 []

[899] [900] [901] [902] [903] [904]) (./chapters/39-local-vs-production.tex
[905] [906

]
Chapter 39.

Package fontspec Info: 
(fontspec)             FiraSans-Regular scale = 0.92.

[907] [908] [909] [910] [911] [912] [913] [914] [915] [916]
Underfull \hbox (badness 2189) in paragraph at lines 505--507
[]\TU/Menlo(0)/m/n/10.95 app/config.py \TU/LibertinusSerif(0)/m/n/10.95 (Chapte
r 15): \TU/Menlo(0)/m/n/10.95 _require() \TU/LibertinusSerif(0)/m/n/10.95 stops
 the process if \TU/Menlo(0)/m/n/10.95 DATABASE_URL \TU/LibertinusSerif(0)/m/n/
10.95 or
 []


Underfull \hbox (badness 1895) in paragraph at lines 507--509
[]\TU/Menlo(0)/m/n/10.95 app/startup.py \TU/LibertinusSerif(0)/m/n/10.95 (Chapt
ers 14–16): the Python version, \TU/Menlo(0)/m/n/10.95 SECRET_KEY\TU/Libertinus
Serif(0)/m/n/10.95 ’s length, and
 []

[917] [918]
Underfull \hbox (badness 10000) in paragraph at lines 596--597
\TU/LibertinusSerif(0)/b/n/10.95 DNS resolution\TU/LibertinusSerif(0)/m/n/10.95
 : locally, \TU/Menlo(0)/m/n/10.95 localhost \TU/LibertinusSerif(0)/m/n/10.95 a
lways resolves instantly. In production,
 []

[919] [920] [921] [922] [923] [924] [925] [926] [927]
Underfull \hbox (badness 2310) in paragraph at lines 1066--1067
[]\TU/LibertinusSerif(0)/m/n/10.95 Differences between columns are potential bu
gs. The fewer differences, the fewer
 []

[928] [929] [930] [931]) [932]

Package fontspec Info: 
(fontspec)             FiraSans-Regular scale = 0.92.


Package fontspec Info: 
(fontspec)             FiraSans-Regular scale = 0.92.


Package fontspec Info: 
(fontspec)             FiraSans-Regular scale = 0.92.

 [933

] [934

]
(./chapters/40-distributed-systems.tex
Chapter 40.

Package fontspec Info: 
(fontspec)             FiraSans-Regular scale = 0.92.

[935

] [936] [937] [938] [939]) (./chapters/41-event-driven-architecture.tex
[940]
Chapter 41.

Package fontspec Info: 
(fontspec)             FiraSans-Regular scale = 0.92.

[941

] [942] [943] [944] [945] [946] [947] [948] [949] [950] [951] [952]
[953] [954] [955] [956] [957] [958] [959] [960])
(./chapters/42-data-analytics-plane.tex [961] [962

]
Chapter 42.

Package fontspec Info: 
(fontspec)             FiraSans-Regular scale = 0.92.

[963] [964] [965] [966]) (./chapters/43-cloud-native-orchestration.tex [967]
[968

]
Chapter 43.

Package fontspec Info: 
(fontspec)             FiraSans-Regular scale = 0.92.

[969] [970] [971] [972] [973]) (./chapters/44-project-notes-for-many-users.tex
[974]
Chapter 44.

Package fontspec Info: 
(fontspec)             FiraSans-Regular scale = 0.92.

[975

] [976] [977]
Underfull \hbox (badness 4872) in paragraph at lines 163--165
\TU/Menlo(0)/m/n/10.95 to_tsvector([]english[], content)\TU/LibertinusSerif(0)/
m/n/10.95 , declared \TU/Menlo(0)/m/n/10.95 GENERATED ALWAYS AS (…) STORED\TU/L
ibertinusSerif(0)/m/n/10.95 .
 []

[978] [979] [980] [981] [982]) (./chapters/the-same-process-in-a-team.tex
[983] [984

] [985

] [986] [987]
ignored: Infinite glue shrinkage found in box being split [988] [989] [990]
 [991] [992] [993] [994])
[995] [996

] (./chapters/44-appendices.tex [997


] [998] [999] [1000]
LaTeX Font Info:    Font shape `TU/Menlo(0)/m/n' will be
(Font)              scaled to size 6.37505pt on input line 248.
 [1001]
[1002] [1003] [1004

]
Underfull \hbox (badness 6047) in paragraph at lines 391--392
[]\TU/LibertinusSerif(0)/b/n/10.95 Backlog\TU/LibertinusSerif(0)/m/n/10.95 : Th
e maximum size of the accept queue, passed as the argument to
 []

[1005

] [1006] [1007] [1008] [1009]
Underfull \hbox (badness 5147) in paragraph at lines 529--530
\TU/LibertinusSerif(0)/m/n/10.95 headers from a trusted proxy (Nginx) to correc
tly set \TU/Menlo(0)/m/n/10.95 request.remote_addr \TU/LibertinusSerif(0)/m/n/1
0.95 and
 []

[1010] [1011]
Underfull \hbox (badness 1454) in paragraph at lines 589--590
[]\TU/LibertinusSerif(0)/b/n/10.95 venv\TU/LibertinusSerif(0)/m/n/10.95 : Pytho
n’s built-in module for creating virtual environments (\TU/Menlo(0)/m/n/10.95 p
ython -m venv
 []

[1012] [1013


] [1014] [1015] [1016] [1017] [1018] [1019] [1020] [1021] [1022]
[1023


] [1024] [1025] [1026] [1027] [1028

] [1029

] [1030] [1031


] [1032] [1033]
[1034

] [1035

]
Underfull \hbox (badness 2932) in paragraph at lines 1569--1570
[]\TU/LibertinusSerif(0)/b/n/10.95 A \TU/Menlo(0)/b/n/10.95 lambda \TU/Libertin
usSerif(0)/m/n/10.95 is a one-expression function without a name, handy as an a
rgument:
 []

[1036] [1037] [1038]
Underfull \hbox (badness 10000) in paragraph at lines 1728--1730
[]\TU/LibertinusSerif(0)/b/n/10.95 Your own exceptions \TU/LibertinusSerif(0)/m
/n/10.95 are classes that inherit from \TU/Menlo(0)/m/n/10.95 Exception\TU/Libe
rtinusSerif(0)/m/n/10.95 : \TU/Menlo(0)/m/n/10.95 class
 []


Underfull \hbox (badness 2680) in paragraph at lines 1728--1730
\TU/Menlo(0)/m/n/10.95 EmailRejectedError(Exception): pass\TU/LibertinusSerif(0
)/m/n/10.95 . Their names end in \TU/Menlo(0)/m/n/10.95 Error \TU/LibertinusSer
if(0)/m/n/10.95 by conven-
 []

[1039] [1040] [1041]) (./front/backcover.tex [1042] [1043

]
LaTeX Font Info:    Font shape `TU/FiraSans(0)/b/n' will be
(Font)              scaled to size 15.89755pt on input line 11.
) [1044

] (./book.aux)
 ***********
LaTeX2e <2025-11-01>
L3 programming layer <2026-01-19>
 ***********
 ) 
Here is how much of TeX's memory you used:
 40096 strings out of 468168
 896176 string characters out of 5432815
 2052552 words of memory out of 5000000
 67957 multiletter control sequences out of 15000+600000
 636965 words of font info for 197 fonts, out of 8000000 for 9000
 1348 hyphenation exceptions out of 8191
 91i,13n,116p,1257b,1056s stack positions out of 10000i,1000n,20000p,200000b,200000s

Output written on book.xdv (1070 pages, 23249536 bytes).
